FC,p_value,ProteinID,label,diffexpressed,selected_labels
3.005433333,0.010422172,A2RRP1,NBAS,UP,NA
3.900733333,0.101456924,A5D8W1,CFAP69,NO,NA
-0.3985,0.240053836,A6NHR9,SMCHD1,NO,NA
1.741133333,0.129364587,A8MXV4,NUDT19,NO,NA
-0.324666667,0.454038404,B5ME19,EIF3CL,NO,NA
3.373366667,0.000176745,O00115,DNASE2,UP,NA
1.2834,0.040397715,O00116,AGPS,UP,NA
0.776766667,0.077528052,O00148,DDX39A,NO,NA
0.193366667,0.809451636,O00154,ACOT7,NO,NA
0.839333333,0.449631116,O00159,MYO1C,NO,NA
1.926766667,0.189094577,O00161,SNAP23,NO,NA
2.100433333,0.014664739,O00165,HAX1,UP,NA
1.3878,0.013328262,O00186,STXBP3,UP,NA
0.049833333,0.858012772,O00217,NDUFS8,NO,NA
1.986833333,0.012478216,O00231,PSMD11,UP,NA
1.355266667,0.007617933,O00264,PGRMC1,UP,NA
0.827933333,0.080120164,O00267,SUPT5H,NO,NA
1.4516,0.065560277,O00299,CLIC1,NO,NA
1.7263,0.045234147,O00330,PDHX,UP,NA
4.273633333,0.005160689,O00410,IPO5,UP,NA
1.252733333,0.189541219,O00411,POLRMT,NO,NA
1.222066667,0.018224504,O00425,IGF2BP3,UP,NA
1.589566667,0.241306893,O00429,DNM1L,NO,NA
1.303166667,0.282655791,O00461,GOLIM4,NO,NA
3.3943,0.000120589,O00469,PLOD2,UP,NA
-0.5133,0.239258209,O00483,NDUFA4,NO,NA
0.2415,0.342371509,O00487,PSMD14,NO,NA
0.287633333,0.394723049,O00541,PES1,NO,NA
1.076,0.284242634,O00560,SDCBP,NO,NA
-0.705133333,0.23935389,O00566,MPHOSPH10,NO,NA
-0.2818,0.36214435,O00567,NOP56,NO,NA
0.250566667,0.066497442,O00571,DDX3X,NO,NA
5.903333333,0.002243631,O00584,RNASET2,UP,NA
3.062566667,0.103183062,O00592,PODXL,NO,NA
0.617233333,0.089822795,O00629,KPNA4,NO,NA
7.569766667,0.009076244,O00754,MAN2B1,UP,NA
1.010833333,0.290005611,O00767,SCD,NO,NA
0.674433333,0.328590622,O14519,CDK2AP1,NO,NA
3.453866667,0.038700392,O14556,GAPDHS,UP,NA
-0.4155,0.678195861,O14602,EIF1AY,NO,NA
0.063666667,0.858490143,O14654,IRS4,NO,NA
3.818866667,0.000352925,O14656,TOR1A,UP,NA
3.374033333,0.013853933,O14672,ADAM10,UP,NA
0.258466667,0.84940053,O14681,EI24,NO,NA
0.9278,0.040599504,O14734,ACOT8,NO,NA
1.446066667,0.339000542,O14744,PRMT5,NO,NA
6.760266667,0.037966099,O14773,TPP1,UP,NA
-0.636833333,0.187023206,O14776,TCERG1,NO,NA
-0.336433333,0.638664546,O14802,POLR3A,NO,NA
0.932233333,0.311185051,O14818,PSMA7,NO,NA
1.8158,0.064527194,O14828,SCAMP3,NO,NA
-0.206766667,0.880646335,O14874,BCKDK,NO,NA
1.0442,0.050308976,O14880,MGST3,NO,NA
2.003166667,0.057349175,O14925,TIMM23,NO,NA
3.617866667,0.002082688,O14936,CASK,UP,NA
-1.3941,0.181564446,O14949,UQCRQ,NO,NA
-0.026033333,0.898819662,O14979,HNRNPDL,NO,NA
2.0637,0.016528786,O14980,XPO1,UP,NA
0.409033333,0.012235776,O15020,SPTBN2,NO,NA
6.4459,0.010249101,O15031,PLXNB2,UP,NA
-0.334633333,0.539735334,O15042,U2SURP,NO,NA
2.863066667,0.015175838,O15067,PFAS,UP,NA
1.184066667,0.193801113,O15091,KIAA0391,NO,NA
5.460366667,0.002959082,O15118,NPC1,UP,NA
0.713033333,0.552687657,O15121,DEGS1,NO,NA
0.945166667,0.52663124,O15126,SCAMP1,NO,NA
-0.475933333,0.758042911,O15127,SCAMP2,NO,NA
-0.844033333,0.555281397,O15144,ARPC2,NO,NA
1.7935,0.170556395,O15145,ARPC3,NO,NA
0.154766667,0.854730974,O15160,POLR1C,NO,NA
0.473066667,0.354414689,O15173,PGRMC2,NO,NA
-0.3758,0.523828448,O15213,WDR46,NO,NA
-0.436666667,0.184133319,O15226,NKRF,NO,NA
1.316033333,0.095482134,O15228,GNPAT,NO,NA
-0.023866667,0.968973625,O15235,MRPS12,NO,NA
1.622966667,0.034496794,O15260,SURF4,UP,NA
3.033866667,0.002068779,O15294,OGT,UP,NA
0.4426,0.654824601,O15371,EIF3D,NO,NA
0.585,0.501414908,O15381,NVL,NO,NA
2.052966667,0.055488425,O15382,BCAT2,NO,NA
1.6879,0.109486717,O15400,STX7,NO,NA
-1.2856,0.543938082,O15446,CD3EAP,NO,NA
4.2495,0.035740313,O15460,P4HA2,UP,NA
-0.996433333,0.019852119,O43143,DHX15,NO,NA
1.4993,0.40562302,O43148,RNMT,NO,NA
-1.0188,0.496490149,O43159,RRP8,NO,NA
1.761266667,0.014488286,O43172,PRPF4,UP,NA
1.034733333,0.066670183,O43175,PHGDH,NO,NA
1.575466667,0.287281302,O43242,PSMD3,NO,NA
2.8678,0.105149916,O43264,ZW10,NO,NA
-1.9396,0.005375425,O43290,SART1,DOWN,NA
0.327933333,0.70053991,O43324,EEF1E1,NO,NA
-0.064133333,0.114562288,O43390,HNRNPR,NO,NA
-0.468766667,0.073826703,O43395,PRPF3,NO,NA
1.399566667,0.111154872,O43399,TPD52L2,NO,NA
2.889233333,0.156833315,O43402,EMC8,NO,NA
-0.197333333,0.748388192,O43447,PPIH,NO,NA
2.514866667,0.000205476,O43448,KCNAB3,UP,NA
3.670866667,2.33E-05,O43464,HTRA2,UP,NA
2.420966667,0.10929845,O43488,AKR7A2,NO,NA
1.062066667,0.016340697,O43491,EPB41L2,UP,NA
4.0135,0.004806857,O43567,RNF13,UP,NA
0.7819,0.00108601,O43615,TIMM44,NO,NA
3.135933333,0.021103142,O43657,TSPAN6,UP,NA
-0.431033333,0.452127762,O43660,PLRG1,NO,NA
2.453133333,0.27978484,O43674,NDUFB5,NO,NA
-1.753266667,0.049332097,O43678,NDUFA2,DOWN,NA
1.8514,0.013599027,O43684,BUB3,UP,NA
2.3219,0.000720945,O43707,ACTN4,UP,NA
1.511133333,0.127875137,O43776,NARS,NO,NA
-0.1703,0.684782199,O43795,MYO1B,NO,NA
0.010266667,0.981447892,O43809,NUDT21,NO,NA
0.249333333,0.582004082,O43818,RRP9,NO,NA
2.343866667,0.017196121,O43819,SCO2,UP,NA
-0.923033333,0.469387112,O43823,AKAP8,NO,NA
0.946066667,0.015217906,O43837,IDH3B,NO,NA
3.3013,7.45E-06,O43852,CALU,UP,NA
2.018966667,0.055944262,O43865,AHCYL1,NO,NA
1.549533333,0.261268972,O60216,RAD21,NO,NA
2.836733333,0.083994962,O60220,TIMM8A,NO,NA
3.0176,0.018453075,O60245,PCDH7,UP,NA
-0.0156,0.962530755,O60264,SMARCA5,NO,NA
4.7987,7.94E-05,O60279,SUSD5,UP,NA
-0.057733333,0.942645034,O60287,URB1,NO,NA
1.677333333,0.138497333,O60306,AQR,NO,NA
2.8862,0.000751845,O60313,OPA1,UP,NA
0.303433333,0.320092043,O60341,KDM1A,NO,NA
0.913633333,0.251171083,O60488,ACSL4,NO,NA
-0.1301,0.438725863,O60506,SYNCRIP,NO,NA
-0.0542,0.866629292,O60508,CDC40,NO,NA
1.679866667,0.075865973,O60518,RANBP6,NO,NA
2.914866667,0.000366979,O60568,PLOD3,UP,NA
6.3405,0.007381234,O60637,TSPAN3,UP,NA
-0.089333333,0.652069537,O60684,KPNA6,NO,NA
1.034266667,0.040698251,O60716,CTNND1,UP,NA
1.261133333,0.238021465,O60749,SNX2,NO,NA
1.162166667,0.054600323,O60762,DPM1,NO,NA
1.5227,0.001231002,O60763,USO1,UP,NA
-1.014933333,0.178346342,O60783,MRPS14,NO,NA
-0.0867,0.836864516,O60784,TOM1,NO,NA
-0.510733333,0.539293257,O60814,HIST1H2BK,NO,NA
-1.918066667,0.032223917,O60828,PQBP1,DOWN,NA
2.5601,0.164261017,O60830,TIMM17B,NO,NA
1.163433333,0.237258362,O60831,PRAF2,NO,NA
-0.515866667,0.229538128,O60832,DKC1,NO,NA
-1.1567,0.352619349,O60841,EIF5B,NO,NA
1.616066667,0.209589858,O60884,DNAJA2,NO,NA
0.196,0.759790908,O60885,BRD4,NO,NA
0.3421,0.712766479,O60934,NBN,NO,NA
1.0159,0.166484768,O75054,IGSF3,NO,NA
1.9485,0.037214141,O75083,WDR1,UP,NA
1.678366667,0.062362845,O75127,PTCD1,NO,NA
0.249733333,0.867590935,O75151,PHF2,NO,NA
-0.115966667,0.761955288,O75152,ZC3H11A,NO,NA
-0.1435,0.818517142,O75165,DNAJC13,NO,NA
0.395866667,0.644438531,O75251,NDUFS7,NO,NA
1.2422,0.007578738,O75306,NDUFS2,UP,NA
0.625533333,0.709950062,O75323,NIPSNAP2,NO,NA
-0.495633333,0.347826768,O75367,H2AFY,NO,NA
1.519166667,0.016216131,O75369,FLNB,UP,NA
0.802733333,0.213580443,O75380,NDUFS6,NO,NA
1.984333333,0.249594953,O75381,PEX14,NO,NA
0.754666667,0.00796829,O75390,CS,NO,NA
-0.830666667,0.013971315,O75394,MRPL33,NO,NA
-0.584466667,0.098390043,O75400,PRPF40A,NO,NA
4.006333333,0.050608636,O75431,MTX2,NO,NA
1.134766667,0.000944481,O75439,PMPCB,UP,NA
0.459033333,0.011884091,O75448,MED24,NO,NA
-0.164266667,0.627152545,O75475,PSIP1,NO,NA
1.670933333,0.001067857,O75489,NDUFS3,UP,NA
-0.050866667,0.866982101,O75494,SRSF10,NO,NA
1.235266667,0.047771359,O75521,ECI2,UP,NA
1.462866667,0.235769582,O75530,EED,NO,NA
-0.3159,0.388322529,O75531,BANF1,NO,NA
0.2905,0.514086662,O75533,SF3B1,NO,NA
0.570733333,0.456158972,O75534,CSDE1,NO,NA
0.409333333,0.793091459,O75607,NPM3,NO,NA
1.043933333,0.155971349,O75608,LYPLA1,NO,NA
0.781133333,0.019526382,O75616,ERAL1,NO,NA
3.6832,5.83E-05,O75629,CREG1,UP,NA
-0.1314,0.639732058,O75643,SNRNP200,NO,NA
0.517433333,0.686255319,O75648,TRMU,NO,NA
-0.326433333,0.737341851,O75683,SURF6,NO,NA
-2.1429,0.069609634,O75691,UTP20,NO,NA
2.639933333,0.001082431,O75694,NUP155,UP,NA
0.063533333,0.970019581,O75695,RP2,NO,NA
3.051733333,2.89E-06,O75718,CRTAP,UP,NA
2.891966667,0.145360697,O75746,SLC25A12,NO,NA
4.240333333,0.02710281,O75787,ATP6AP2,UP,NA
-0.418966667,0.547630672,O75794,CDC123,NO,NA
-2.065666667,0.215697387,O75821,EIF3G,NO,NA
-0.167866667,0.738829519,O75844,ZMPSTE24,NO,NA
1.329966667,0.404546184,O75845,SC5D,NO,NA
2.749733333,0.231230963,O75880,SCO1,NO,NA
0.562033333,0.581245729,O75915,ARL6IP5,NO,NA
-1.156033333,0.271239293,O75934,BCAS2,NO,NA
-0.257066667,0.864555492,O75947,ATP5H,NO,NA
3.2348,0.006908869,O75955,FLOT1,UP,NA
4.042566667,0.00425391,O75976,CPD,UP,NA
-0.772466667,0.339318143,O76021,RSL1D1,NO,NA
1.0946,0.007617046,O76031,CLPX,UP,NA
4.3,0.000326235,O76094,SRP72,UP,NA
-1.233766667,0.011307782,O94762,RECQL5,DOWN,NA
0.281266667,0.728120304,O94776,MTA2,NO,NA
4.943333333,0.004175282,O94813,SLIT2,UP,NA
1.412766667,0.123076177,O94826,TOMM70,NO,NA
2.061633333,0.000650547,O94874,UFL1,UP,NA
0.350866667,0.831289639,O94880,PHF14,NO,NA
1.869766667,0.000424966,O94905,ERLIN2,UP,NA
-0.104966667,0.764665365,O94906,PRPF6,NO,NA
1.858533333,1.99E-05,O94925,GLS,UP,NA
2.0248,0.133588904,O94973,AP2A2,NO,NA
-0.260266667,0.209613144,O94983,CAMTA2,NO,NA
2.0348,0.090962749,O94991,SLITRK5,NO,NA
1.196866667,0.180169378,O95059,RPP14,NO,NA
-0.795833333,0.151827553,O95104,SCAF4,NO,NA
2.145533333,0.185298464,O95139,NDUFB6,NO,NA
3.278166667,0.002641541,O95140,MFN2,UP,NA
-0.3645,0.3335444,O95168,NDUFB4,NO,NA
0.4682,0.654858135,O95182,NDUFA7,NO,NA
1.409533333,0.1089201,O95197,RTN3,NO,NA
2.3993,0.18046416,O95202,LETM1,NO,NA
-0.762966667,0.284808648,O95232,LUC7L3,NO,NA
1.536566667,0.209249498,O95249,GOSR1,NO,NA
-1.9567,0.349147075,O95251,KAT7,NO,NA
2.6544,0.118929755,O95292,VAPB,NO,NA
2.9825,0.006821217,O95297,MPZL1,UP,NA
0.621666667,0.465309177,O95298,NDUFC2,NO,NA
1.2479,0.017454388,O95299,NDUFA10,UP,NA
2.7826,0.001001989,O95302,FKBP9,UP,NA
1.7149,0.166006756,O95373,IPO7,NO,NA
-0.9983,0.23812842,O95433,AHSA1,NO,NA
2.001233333,0.212706199,O95453,PARN,NO,NA
-1.2775,0.146428028,O95478,NSA2,NO,NA
1.664733333,0.161077192,O95479,H6PD,NO,NA
2.670133333,0.000536665,O95486,SEC24A,UP,NA
2.113133333,0.004235614,O95487,SEC24B,UP,NA
5.85,0.001061752,O95490,ADGRL2,UP,NA
0.328266667,0.426790004,O95563,MPC2,NO,NA
2.8825,0.004071264,O95571,ETHE1,UP,NA
-0.386,0.615423646,O95573,ACSL3,NO,NA
-0.233266667,0.855472984,O95602,POLR1A,NO,NA
-0.544866667,0.136293598,O95619,YEATS4,NO,NA
2.4907,0.003563746,O95639,CPSF4,UP,NA
0.2569,0.642901111,O95674,CDS2,NO,NA
0.4473,0.608067996,O95721,SNAP29,NO,NA
-0.066966667,0.869643913,O95757,HSPA4L,NO,NA
3.796766667,0.002043259,O95758,PTBP3,UP,NA
2.220433333,0.211796697,O95782,AP2A1,NO,NA
1.3313,0.338603826,O95785,WIZ,NO,NA
-0.443,0.680206404,O95793,STAU1,NO,NA
2.447266667,0.161986151,O95816,BAG2,NO,NA
1.5876,0.000295792,O95831,AIFM1,UP,NA
3.7202,0.000589072,O95881,TXNDC12,UP,NA
2.047866667,0.029355138,O95983,MBD3,UP,NA
1.702166667,0.001920856,O96000,NDUFB10,UP,NA
4.968266667,0.000659262,O96005,CLPTM1,UP,NA
3.106366667,0.015232347,O96008,TOMM40,UP,NA
0.645433333,0.062393514,O96019,ACTL6A,NO,NA
-2.6193,0.024635362,O96028,NSD2,DOWN,NA
1.807533333,0.00056099,P00167,CYB5A,UP,NA
0.912733333,0.098716249,P00338,LDHA,NO,NA
0.273633333,0.195915699,P00367,GLUD1,NO,NA
1.758033333,0.098598228,P00387,CYB5R3,NO,NA
0.604133333,0.533546859,P00390,GSR,NO,NA
4.727333333,0.00437791,P00441,SOD1,UP,NA
2.665266667,0.023284389,P00491,PNP,UP,NA
2.673,0.219936945,P00492,HPRT1,NO,NA
0.5062,0.006516751,P00505,GOT2,NO,NA
0.567933333,0.296893937,P00558,PGK1,NO,NA
2.6836,0.086093438,P00918,CA2,NO,NA
4.5111,0.005831515,P01023,A2M,UP,NA
2.094766667,0.102502675,P01111,NRAS,NO,NA
2.7471,0.045744052,P01112,HRAS,UP,NA
1.976666667,0.00790567,P01130,LDLR,UP,NA
2.557733333,0.017081053,P01889,HLA-B,UP,NA
1.715733333,0.00029663,P02545,LMNA,UP,NA
-0.135433333,0.92735666,P02549,SPTA1,NO,NA
0.772166667,0.172809685,P02786,TFRC,NO,NA
2.472266667,0.000425155,P02792,FTL,UP,NA
2.722066667,0.053842719,P02794,FTH1,NO,NA
1.8131,0.005371428,P04040,CAT,UP,NA
5.2253,0.00169973,P04062,GBA,UP,NA
4.095533333,0.010694943,P04066,FUCA1,UP,NA
0.572666667,0.262421001,P04075,ALDOA,NO,NA
4.081266667,0.00114167,P04156,PRNP,UP,NA
1.1988,0.021419635,P04179,SOD2,UP,NA
0.832733333,0.001190337,P04181,OAT,NO,NA
-0.061466667,0.938239632,P04264,KRT1,NO,NA
1.147966667,0.012264183,P04406,GAPDH,UP,NA
3.636033333,0.002309134,P04439,HLA-A,UP,NA
0.456,0.121082701,P04637,TP53,NO,NA
1.495633333,0.022141798,P04843,RPN1,UP,NA
2.079366667,0.032981152,P04844,RPN2,UP,NA
1.579233333,0.40805319,P04899,GNAI2,NO,NA
-1.862,0.21443749,P04908,HIST1H2AB,NO,NA
0.363566667,0.291934491,P05023,ATP1A1,NO,NA
1.973033333,0.007127212,P05026,ATP1B1,UP,NA
5.053533333,0.001601079,P05067,APP,UP,NA
1.3169,0.083515692,P05089,ARG1,NO,NA
0.950366667,0.002349229,P05091,ALDH2,NO,NA
1.853366667,0.183511233,P05113,IL5,NO,NA
-0.927066667,0.184246233,P05114,HMGN1,NO,NA
1.1418,0.059569627,P05141,SLC25A5,NO,NA
-0.931533333,0.000976914,P05165,PCCA,NO,NA
1.298233333,0.056701142,P05198,EIF2S1,NO,NA
-1.1452,0.258485017,P05204,HMGN2,NO,NA
-0.3935,0.391041404,P05386,RPLP1,NO,NA
-1.7285,0.327922023,P05387,RPLP2,NO,NA
1.6896,0.313219999,P05388,RPLP0,NO,NA
0.389333333,0.505093012,P05455,SSB,NO,NA
2.9265,0.001735081,P05556,ITGB1,UP,NA
-0.1628,0.755029854,P06132,UROD,NO,NA
4.139133333,5.58E-05,P06280,GLA,UP,NA
1.1917,0.050728581,P06493,CDK1,NO,NA
1.656633333,0.001802096,P06576,ATP5F1B,UP,NA
-0.4786,0.703154298,P06730,EIF4E,NO,NA
0.4188,0.39296893,P06733,ENO1,NO,NA
1.8807,0.226532172,P06737,PYGL,NO,NA
0.919433333,0.270796574,P06744,GPI,NO,NA
-0.333966667,0.052541108,P06748,NPM1,NO,NA
4.399233333,0.002107317,P06756,ITGAV,UP,NA
4.567366667,0.020081004,P06865,HEXA,UP,NA
-0.817966667,0.174045513,P06899,HIST1H2BJ,NO,NA
4.678433333,0.019129221,P07099,EPHX1,UP,NA
1.137,0.02273019,P07195,LDHB,UP,NA
2.6683,0.029653152,P07197,NEFM,UP,NA
2.829766667,5.03E-05,P07237,P4HB,UP,NA
-1.2458,0.014470148,P07305,H1F0,DOWN,NA
3.0023,0.002386555,P07339,CTSD,UP,NA
0.877,0.13414719,P07355,ANXA2,NO,NA
0.964366667,0.101868112,P07437,TUBB,NO,NA
4.437033333,1.90E-06,P07602,PSAP,UP,NA
3.533633333,0.000306249,P07686,HEXB,UP,NA
0.4822,0.278997934,P07737,PFN1,NO,NA
-0.3488,0.648853057,P07814,EPRS,NO,NA
5.9815,0.005876919,P07858,CTSB,UP,NA
0.694633333,0.063301642,P07900,HSP90AA1,NO,NA
-0.2706,0.459521935,P07910,HNRNPC,NO,NA
2.932433333,0.00076494,P07919,UQCRH,UP,NA
2.6536,3.70E-06,P07942,LAMB1,UP,NA
0.916433333,0.082375398,P07947,YES1,NO,NA
2.684966667,7.21E-05,P07954,FH,UP,NA
1.0997,0.355386363,P08069,IGF1R,NO,NA
1.381433333,0.016614124,P08133,ANXA6,UP,NA
4.1283,0.05377745,P08174,CD55,NO,NA
1.7826,0.009203566,P08195,SLC3A2,UP,NA
5.5797,0.004106166,P08236,GUSB,UP,NA
0.733833333,0.163980036,P08238,HSP90AB1,NO,NA
2.578133333,0.003683286,P08240,SRPRA,UP,NA
0.6229,0.628467335,P08243,ASNS,NO,NA
0.397966667,0.203068797,P08559,PDHA1,NO,NA
1.526533333,0.011228362,P08574,CYC1,UP,NA
-0.006233333,0.97601977,P08579,SNRPB2,NO,NA
4.854733333,0.000949857,P08582,MELTF,UP,NA
-0.559266667,0.584796027,P08621,SNRNP70,NO,NA
4.247133333,4.79E-05,P08648,ITGA5,UP,NA
0.520933333,0.216070869,P08670,VIM,NO,NA
-0.321433333,0.562409462,P08708,RPS17,NO,NA
2.2314,0.01175178,P08754,GNAI3,UP,NA
3.057166667,0.001949274,P08758,ANXA5,UP,NA
0.962633333,0.315098915,P08779,KRT16,NO,NA
1.3903,0.003988349,P08865,RPSA,UP,NA
3.839733333,0.019608378,P08962,CD63,UP,NA
0.6765,0.064183761,P09001,MRPL3,NO,NA
0.9546,0.48863682,P09012,SNRPA,NO,NA
3.6463,0.038108239,P09110,ACAA1,UP,NA
0.6735,0.358335552,P09211,GSTP1,NO,NA
-1.3182,0.019398179,P09234,SNRPC,DOWN,NA
-0.643266667,0.270037172,P09429,HMGB1,NO,NA
0.771366667,0.561548445,P09543,CNP,NO,NA
0.906433333,0.000516216,P09622,DLD,NO,NA
-0.565266667,0.01378581,P09651,HNRNPA1,NO,NA
-0.160866667,0.322477148,P09661,SNRPA1,NO,NA
1.183066667,0.065874472,P09668,CTSH,NO,NA
1.9207,0.143720974,P09669,COX6C,NO,NA
0.3165,0.168373172,P09874,PARP1,NO,NA
2.539566667,0.012520105,P09960,LTA4H,UP,NA
3.734366667,0.013487596,P09972,ALDOC,UP,NA
-1.682433333,0.31770821,P0C0S5,H2AFZ,NO,NA
-0.711033333,0.057990096,P0C0S8,HIST1H2AG,NO,NA
0.811233333,0.023875258,P0DMV8,HSPA1A,NO,NA
-0.487866667,0.225489924,P0DN76,U2AF1L5,NO,NA
-2.779233333,0.189600824,P10109,FDX1,NO,NA
3.018266667,0.007914862,P10155,TROVE2,UP,NA
6.9868,0.000403164,P10253,GAA,UP,NA
1.997033333,0.000264206,P10321,HLA-C,UP,NA
-1.505833333,0.045997858,P10412,HIST1H1E,DOWN,NA
0.0653,0.90535223,P10515,DLAT,NO,NA
3.9035,0.000507017,P10586,PTPRF,UP,NA
2.135366667,0.196369265,P10599,TXN,NO,NA
0.971666667,0.001426418,P10606,COX5B,NO,NA
4.989333333,0.001019488,P10619,CTSA,UP,NA
2.279866667,0.002747086,P10644,PRKAR1A,UP,NA
-1.176633333,0.767681397,P10768,ESD,NO,NA
0.419733333,0.268995928,P10809,HSPD1,NO,NA
1.773166667,0.001363446,P11021,HSPA5,UP,NA
2.690933333,3.71E-05,P11047,LAMC1,UP,NA
4.601866667,0.020125663,P11117,ACP2,UP,NA
1.0424,0.007766602,P11142,HSPA8,UP,NA
2.6607,0.025359804,P11166,SLC2A1,UP,NA
1.629366667,0.066137675,P11171,EPB41,NO,NA
1.109,0.012504421,P11177,PDHB,UP,NA
1.2139,0.315068893,P11182,DBT,NO,NA
-1.1048,0.533543038,P11233,RALA,NO,NA
5.748433333,2.14E-05,P11279,LAMP1,UP,NA
0.347133333,0.346764465,P11310,ACADM,NO,NA
-0.679366667,0.146130807,P11387,TOP1,NO,NA
-0.696466667,0.088302571,P11388,TOP2A,NO,NA
3.219733333,0.001928537,P11413,G6PD,UP,NA
-1.056666667,0.000575502,P11498,PC,DOWN,NA
0.596733333,0.364191985,P11586,MTHFD1,NO,NA
4.450066667,0.012226993,P11717,IGF2R,UP,NA
1.028533333,0.059839101,P11940,PABPC1,NO,NA
0.592566667,0.022981893,P12004,PCNA,NO,NA
1.1506,0.367563096,P12081,HARS,NO,NA
4.363633333,0.005854268,P12109,COL6A1,UP,NA
2.142266667,0.100455014,P12235,SLC25A4,NO,NA
1.1227,0.110957034,P12236,SLC25A6,NO,NA
0.818566667,0.264151946,P12268,IMPDH2,NO,NA
0.539,0.070053397,P12270,TPR,NO,NA
0.7975,0.183848843,P12277,CKB,NO,NA
1.760633333,0.10195302,P12532,CKMT1A,NO,NA
1.7963,0.009872977,P12814,ACTN1,UP,NA
0.312133333,0.196108112,P12956,XRCC6,NO,NA
0.982033333,0.014024894,P13010,XRCC5,NO,NA
1.175,0.063777646,P13073,COX4I1,NO,NA
4.866666667,0.006330868,P13473,LAMP2,UP,NA
0.778966667,0.303875911,P13489,RNH1,NO,NA
5.0986,0.002779458,P13591,NCAM1,UP,NA
0.523633333,0.285447776,P13639,EEF2,NO,NA
-0.930933333,0.291278182,P13645,KRT10,NO,NA
-0.707333333,0.402191163,P13647,KRT5,NO,NA
1.370966667,1.39E-05,P13667,PDIA4,UP,NA
2.0667,0.003008216,P13674,P4HA1,UP,NA
0.946933333,0.251393029,P13693,TPT1,NO,NA
2.892766667,0.000232502,P13797,PLS3,UP,NA
0.246466667,0.847363491,P13798,APEH,NO,NA
1.659,0.001025448,P13804,ETFA,UP,NA
2.5697,0.011552887,P13861,PRKAR2A,UP,NA
2.5609,0.011178055,P13987,CD59,UP,NA
1.112566667,0.258628508,P13995,MTHFD2,NO,NA
0.085533333,0.943523943,P14174,MIF,NO,NA
2.871466667,0.000531719,P14209,CD99,UP,NA
3.2699,0.000332164,P14314,PRKCSH,UP,NA
-0.0046,0.996744156,P14324,FDPS,NO,NA
1.342766667,0.212661701,P14373,TRIM27,NO,NA
4.6636,6.51E-05,P14543,NID1,UP,NA
0.378833333,0.477831733,P14618,PKM,NO,NA
1.763133333,3.09E-05,P14625,HSP90B1,UP,NA
0.979566667,0.268208029,P14635,CCNB1,NO,NA
0.4143,0.241572824,P14678,SNRPB,NO,NA
0.862666667,0.455936719,P14735,IDE,NO,NA
-0.227366667,0.216647651,P14866,HNRNPL,NO,NA
1.045466667,0.388112634,P14868,DARS,NO,NA
0.706033333,0.15092012,P14923,JUP,NO,NA
1.141933333,0.329090178,P14927,UQCRB,NO,NA
2.871966667,0.003299063,P15121,AKR1B1,UP,NA
4.761266667,0.003071963,P15151,PVR,UP,NA
-0.140166667,0.926217695,P15170,GSPT1,NO,NA
7.007766667,0.00712738,P15289,ARSA,UP,NA
2.236966667,2.55E-05,P15311,EZR,UP,NA
3.127033333,0.002675512,P15529,CD46,UP,NA
3.8875,0.001250551,P15531,NME1,UP,NA
4.102433333,0.035284551,P15586,GNS,UP,NA
5.107633333,0.009759343,P15848,ARSB,UP,NA
0.155,0.82244797,P15880,RPS2,NO,NA
-0.064433333,0.76081484,P15954,COX7C,NO,NA
-0.729366667,0.058337458,P16104,H2AFX,NO,NA
6.576666667,0.000182521,P16278,GLB1,UP,NA
-1.3409,0.162740896,P16402,HIST1H1D,NO,NA
-1.506766667,0.007488717,P16403,HIST1H1C,DOWN,NA
-0.507166667,0.674243645,P16615,ATP2A2,NO,NA
3.7419,0.086137348,P16949,STMN1,NO,NA
0.4237,0.730863021,P17028,ZNF24,NO,NA
0.321233333,0.561353001,P17096,HMGA1,NO,NA
1.7836,0.180796557,P17174,GOT1,NO,NA
4.668466667,0.00641772,P17301,ITGA2,UP,NA
-0.196966667,0.707554006,P17480,UBTF,NO,NA
0.673366667,0.485163045,P17568,NDUFB7,NO,NA
0.301666667,0.769263999,P17812,CTPS1,NO,NA
0.0636,0.689704847,P17844,DDX5,NO,NA
4.2382,0.005869129,P17900,GM2A,UP,NA
1.263566667,0.166418994,P17980,PSMC3,NO,NA
0.9604,0.082485805,P17987,TCP1,NO,NA
1.244733333,0.323378413,P18031,PTPN1,NO,NA
0.209566667,0.657254204,P18077,RPL35A,NO,NA
-0.898633333,0.220979215,P18124,RPL7,NO,NA
0.879533333,0.079554418,P18206,VCL,NO,NA
-1.5045,0.154087764,P18583,SON,NO,NA
-0.986366667,0.080551487,P18621,RPL17,NO,NA
0.9851,0.078946889,P18669,PGAM1,NO,NA
0.3482,0.246505989,P18754,RCC1,NO,NA
0.465833333,0.149211853,P18887,XRCC1,NO,NA
2.8519,0.000252973,P19022,CDH2,UP,NA
-0.6842,0.202085473,P19338,NCL,NO,NA
1.566166667,5.66E-05,P19367,HK1,UP,NA
1.715833333,0.067573067,P19387,POLR2C,NO,NA
0.6066,0.656021227,P19404,NDUFV2,NO,NA
0.2577,0.524227097,P19525,EIF2AK2,NO,NA
3.531166667,0.006184767,P19623,SRM,UP,NA
0.959766667,0.550638621,P19784,CSNK2A2,NO,NA
1.687033333,0.177988324,P20020,ATP2B1,NO,NA
-0.531466667,0.323514131,P20042,EIF2S2,NO,NA
2.185366667,0.182414358,P20339,RAB5A,NO,NA
0.5522,0.734172157,P20618,PSMB1,NO,NA
-0.752333333,0.11645675,P20671,HIST1H2AD,NO,NA
0.9852,0.038072883,P20674,COX5A,NO,NA
1.8235,0.000341782,P20700,LMNB1,UP,NA
5.845666667,0.001079847,P20933,AGA,UP,NA
3.168133333,0.125552141,P21281,ATP6V1B2,NO,NA
0.519766667,0.432715704,P21283,ATP6V1C1,NO,NA
0.135133333,0.811988294,P21333,FLNA,NO,NA
2.283233333,0.000122084,P21796,VDAC1,UP,NA
0.425466667,0.039800406,P21912,SDHB,NO,NA
0.431966667,0.164345465,P21926,CD9,NO,NA
0.692566667,0.097374429,P21953,BCKDHB,NO,NA
1.1468,0.284313123,P21964,COMT,NO,NA
2.282166667,0.159456474,P22033,MUT,NO,NA
2.883766667,0.027013175,P22059,OSBP,UP,NA
-0.3293,0.419011126,P22087,FBL,NO,NA
1.483933333,0.031876502,P22102,GART,UP,NA
0.454166667,0.288074431,P22234,PAICS,NO,NA
0.618033333,0.435165344,P22307,SCP2,NO,NA
1.000066667,0.055412692,P22314,UBA1,NO,NA
1.8809,0.002601434,P22392,NME2,UP,NA
3.457233333,0.013333958,P22413,ENPP1,UP,NA
2.0099,0.017690593,P22570,FDXR,UP,NA
-0.623966667,0.012868593,P22626,HNRNPA2B1,NO,NA
1.802033333,0.000136821,P22695,UQCRC2,UP,NA
-0.3293,0.80337695,P22830,FECH,NO,NA
2.78,0.046022091,P23229,ITGA6,UP,NA
-0.275333333,0.083691874,P23246,SFPQ,NO,NA
0.228766667,0.135154123,P23284,PPIB,NO,NA
0.535066667,0.390527228,P23368,ME2,NO,NA
0.437633333,0.841726052,P23378,GLDC,NO,NA
-1.199866667,0.355321317,P23381,WARS,NO,NA
0.958366667,0.00626674,P23396,RPS3,NO,NA
1.714166667,0.15577012,P23434,GCSH,NO,NA
0.817533333,0.314396865,P23526,AHCY,NO,NA
0.011433333,0.989227762,P23528,CFL1,NO,NA
1.683366667,0.179968583,P23588,EIF4B,NO,NA
1.238433333,0.032398616,P23786,CPT2,UP,NA
2.377133333,0.10332346,P23919,DTYMK,NO,NA
-0.500833333,0.688083303,P24534,EEF1B2,NO,NA
0.5176,0.486079441,P24539,ATP5F1,NO,NA
0.648166667,0.003532843,P24752,ACAT1,NO,NA
2.659866667,0.001672158,P24821,TNC,UP,NA
1.4128,0.005852937,P25205,MCM3,UP,NA
1.529233333,0.00302169,P25325,MPST,UP,NA
0.896133333,0.089099956,P25398,RPS12,NO,NA
0.5125,0.003161325,P25705,ATP5F1A,NO,NA
2.2377,0.199935475,P25786,PSMA1,NO,NA
0.826566667,0.291503452,P25787,PSMA2,NO,NA
1.091166667,0.455646747,P25788,PSMA3,NO,NA
1.968266667,0.081212863,P25789,PSMA4,NO,NA
3.379966667,0.014274354,P26038,MSN,UP,NA
-1.536733333,0.26284728,P26232,CTNNA2,NO,NA
0.4708,0.145495359,P26368,U2AF2,NO,NA
-0.975333333,0.120054368,P26373,RPL13,NO,NA
0.273366667,0.06185077,P26599,PTBP1,NO,NA
2.1197,0.045117381,P26639,TARS,UP,NA
0.4439,0.213236034,P26641,EEF1G,NO,NA
3.7369,0.013690313,P26885,FKBP2,UP,NA
3.728766667,0.000226159,P27105,STOM,UP,NA
1.444233333,0.079282846,P27144,AK4,NO,NA
-0.7281,0.33348369,P27635,RPL10,NO,NA
0.3264,0.702569929,P27694,RPA1,NO,NA
0.907666667,0.477565356,P27695,APEX1,NO,NA
0.883133333,0.34463216,P27708,CAD,NO,NA
2.1444,0.000265718,P27797,CALR,UP,NA
1.450566667,0.038423807,P27824,CANX,UP,NA
1.7489,0.161599466,P28072,PSMB6,NO,NA
0.907066667,0.008525039,P28331,NDUFS1,NO,NA
0.352733333,0.815853508,P28370,SMARCA1,NO,NA
5.244566667,0.01046588,P28799,GRN,UP,NA
0.4663,0.021889684,P28838,LAP3,NO,NA
3.074266667,0.032780102,P29317,EPHA2,UP,NA
0.514066667,0.19680892,P29372,MPG,NO,NA
-0.162933333,0.78143434,P29401,TKT,NO,NA
0.413333333,0.631458569,P29692,EEF1D,NO,NA
2.667133333,0.010820707,P29966,MARCKS,UP,NA
0.639933333,0.291625135,P30040,ERP29,NO,NA
1.1759,0.184366771,P30041,PRDX6,NO,NA
0.806566667,0.157814004,P30044,PRDX5,NO,NA
1.584833333,0.005127193,P30048,PRDX3,UP,NA
-0.103566667,0.382597105,P30050,RPL12,NO,NA
1.0532,0.04135101,P30084,ECHS1,UP,NA
-1.660566667,0.208490385,P30086,PEBP1,NO,NA
2.3038,0.000710837,P30101,PDIA3,UP,NA
1.627433333,0.00128764,P30153,PPP2R1A,UP,NA
0.384033333,0.465994204,P30405,PPIF,NO,NA
3.921733333,0.10294021,P30519,HMOX2,NO,NA
2.7499,2.85E-05,P30533,LRPAP1,UP,NA
1.0677,0.394044263,P30536,TSPO,NO,NA
0.165,0.866391995,P30825,SLC7A1,NO,NA
0.4543,0.050498156,P30837,ALDH1B1,NO,NA
-1.1992,0.116258234,P30876,POLR2B,NO,NA
1.432533333,0.000177706,P31040,SDHA,UP,NA
2.176766667,0.022248197,P31153,MAT2A,UP,NA
1.887133333,0.024303519,P31689,DNAJA1,UP,NA
0.648566667,0.000358158,P31930,UQCRC1,NO,NA
2.216033333,0.010688054,P31937,HIBADH,UP,NA
0.2989,0.571040148,P31939,ATIC,NO,NA
0.222566667,0.439569245,P31942,HNRNPH3,NO,NA
0.051133333,0.821481513,P31943,HNRNPH1,NO,NA
0.136833333,0.719003674,P31946,YWHAB,NO,NA
0.7994,0.238637774,P31948,STIP1,NO,NA
1.3393,0.127264674,P32119,PRDX2,NO,NA
1.861366667,0.053819857,P32189,GK,NO,NA
1.283266667,0.003879292,P32322,PYCR1,UP,NA
0.388133333,0.379973647,P32780,GTF2H1,NO,NA
-0.225666667,0.598020996,P32969,RPL9,NO,NA
1.3964,0.080038783,P33121,ACSL1,NO,NA
2.2969,0.291344223,P33176,KIF5B,NO,NA
0.870566667,0.588604572,P33240,CSTF2,NO,NA
1.214866667,0.011522218,P33991,MCM4,UP,NA
0.8525,0.006697864,P33992,MCM5,NO,NA
1.2379,0.008864517,P33993,MCM7,UP,NA
0.1051,0.441653057,P34897,SHMT2,NO,NA
3.735233333,0.03437833,P34931,HSPA1L,UP,NA
0.423633333,0.27373508,P34932,HSPA4,NO,NA
0.520233333,0.018292348,P35221,CTNNA1,NO,NA
1.288433333,0.004174192,P35222,CTNNB1,UP,NA
0.840566667,0.009053775,P35232,PHB,NO,NA
1.590933333,0.000545817,P35241,RDX,UP,NA
0.997666667,0.006504931,P35249,RFC4,NO,NA
1.8853,0.134190987,P35250,RFC2,NO,NA
-0.478633333,0.533030882,P35251,RFC1,NO,NA
0.461766667,0.067165653,P35268,RPL22,NO,NA
-0.605633333,0.544587588,P35527,KRT9,NO,NA
1.390366667,0.220872603,P35556,FBN2,NO,NA
-0.199433333,0.81659342,P35579,MYH9,NO,NA
0.277666667,0.718468075,P35580,MYH10,NO,NA
2.124633333,0.000255939,P35606,COPB2,UP,NA
1.011466667,0.492567575,P35610,SOAT1,NO,NA
1.0873,0.09092637,P35611,ADD1,NO,NA
2.5435,0.000268877,P35613,BSG,UP,NA
0.282166667,0.560418297,P35637,FUS,NO,NA
0.577866667,0.122242862,P35658,NUP214,NO,NA
0.039733333,0.836169742,P35659,DEK,NO,NA
-0.633466667,0.559554066,P35908,KRT2,NO,NA
-0.080566667,0.871417473,P35998,PSMC2,NO,NA
1.003433333,0.001238217,P36542,ATP5F1C,UP,NA
0.497366667,0.521934319,P36543,ATP6V1E1,NO,NA
1.444466667,0.005338007,P36551,CPOX,UP,NA
-0.967366667,0.27292297,P36578,RPL4,NO,NA
1.095766667,0.001170311,P36776,LONP1,UP,NA
0.611733333,0.09841132,P36873,PPP1CC,NO,NA
0.9079,0.001004563,P36957,DLST,NO,NA
-0.488433333,0.162971497,P37108,SRP14,NO,NA
1.121866667,0.037915171,P37198,NUP62,UP,NA
1.932766667,0.07854774,P37268,FDFT1,NO,NA
-0.165,0.896883625,P37802,TAGLN2,NO,NA
3.5729,0.087218797,P37837,TALDO1,NO,NA
-0.010433333,0.974512053,P38117,ETFB,NO,NA
-0.7049,0.038233681,P38159,RBMX,NO,NA
-0.1524,0.761820193,P38432,COIL,NO,NA
4.803866667,0.001707241,P38571,LIPA,UP,NA
2.100966667,0.001054694,P38606,ATP6V1A,UP,NA
1.468633333,0.000868682,P38646,HSPA9,UP,NA
0.1668,0.245880407,P38919,EIF4A3,NO,NA
-0.005166667,0.988258581,P39019,RPS19,NO,NA
-1.001233333,0.18449758,P39023,RPL3,NO,NA
0.7372,0.45784276,P39210,MPV17,NO,NA
1.812,0.02575734,P39656,DDOST,UP,NA
-0.0741,0.860378113,P39687,ANP32A,NO,NA
-0.738233333,0.068783573,P39748,FEN1,NO,NA
-0.613366667,0.455306214,P39880,CUX1,NO,NA
1.796333333,0.065006218,P40189,IL6ST,NO,NA
0.8984,0.080454944,P40227,CCT6A,NO,NA
-1.278433333,0.090810254,P40429,RPL13A,NO,NA
0.336533333,0.878585307,P40925,MDH1,NO,NA
1.009333333,0.017502616,P40926,MDH2,UP,NA
2.003133333,0.196322434,P40937,RFC5,NO,NA
1.582333333,0.084630198,P40938,RFC3,NO,NA
1.009866667,0.002553429,P40939,HADHA,UP,NA
0.631866667,0.457111258,P41091,EIF2S3,NO,NA
-0.5295,0.508827309,P41223,BUD31,NO,NA
2.591633333,0.035102684,P41250,GARS,UP,NA
3.288966667,0.067530607,P41252,IARS,NO,NA
3.842833333,0.011447104,P41732,TSPAN7,UP,NA
-0.2119,0.336596833,P42126,ECI1,NO,NA
-0.429333333,0.603855521,P42166,TMPO,NO,NA
0.3975,0.410091393,P42167,TMPO,NO,NA
1.000466667,0.036059671,P42229,STAT5A,UP,NA
0.210733333,0.628720929,P42285,MTREX,NO,NA
0.188333333,0.826523507,P42677,RPS27,NO,NA
-1.2251,0.126493669,P42696,RBM34,NO,NA
1.449,0.000244925,P42704,LRPPRC,UP,NA
1.482133333,0.099471755,P42765,ACAA2,NO,NA
-1.322233333,0.088402513,P42766,RPL35,NO,NA
4.998266667,0.000449352,P42785,PRCP,UP,NA
4.251366667,0.003563894,P42892,ECE1,UP,NA
0.172166667,0.383228434,P43003,SLC1A3,NO,NA
3.606466667,0.001401331,P43121,MCAM,UP,NA
-0.0376,0.831465294,P43243,MATR3,NO,NA
2.384,0.059450103,P43246,MSH2,NO,NA
3.818666667,0.002526542,P43251,BTD,UP,NA
3.213266667,0.024913435,P43304,GPD2,UP,NA
4.391033333,0.065394497,P43307,SSR1,NO,NA
2.740066667,0.024023332,P43487,RANBP1,UP,NA
1.1916,0.013017056,P43686,PSMC4,UP,NA
0.0537,0.945351202,P43897,TSFM,NO,NA
2.8502,0.013404705,P45877,PPIC,UP,NA
1.124933333,0.022857131,P45880,VDAC2,UP,NA
1.6764,0.008170315,P45954,ACADSB,UP,NA
-1.1624,0.212426138,P45973,CBX5,NO,NA
2.161633333,0.035672176,P45974,USP5,UP,NA
-1.575633333,0.03034034,P46013,MKI67,DOWN,NA
0.947833333,0.001785465,P46060,RANGAP1,NO,NA
-1.088766667,0.056955394,P46087,NOP2,NO,NA
0.4403,0.009809543,P46199,MTIF2,NO,NA
2.776133333,0.016327703,P46379,BAG6,UP,NA
1.694533333,0.00251349,P46459,NSF,UP,NA
-0.9153,0.192435083,P46776,RPL27A,NO,NA
-0.9955,0.12757086,P46777,RPL5,NO,NA
-0.768233333,0.097714091,P46778,RPL21,NO,NA
-0.746066667,0.108854473,P46779,RPL28,NO,NA
-0.4609,0.375768396,P46781,RPS9,NO,NA
-0.532266667,0.196495471,P46782,RPS5,NO,NA
1.5964,0.246277409,P46783,RPS10,NO,NA
-1.010066667,0.306306309,P46939,UTRN,NO,NA
2.4832,0.019877162,P46940,IQGAP1,UP,NA
1.303866667,0.264493663,P46977,STT3A,NO,NA
0.913333333,0.028606246,P47756,CAPZB,NO,NA
1.0661,0.372755259,P47897,QARS,NO,NA
-1.386933333,0.037052524,P47914,RPL29,DOWN,NA
0.730033333,0.168241391,P47985,UQCRFS1,NO,NA
0.4777,0.3357974,P48047,ATP5O,NO,NA
2.579433333,0.138096125,P48444,ARCN1,NO,NA
4.192466667,0.055340164,P48449,LSS,NO,NA
1.8672,0.047389826,P48509,CD151,UP,NA
2.9478,0.006942908,P48556,PSMD8,UP,NA
1.3362,0.005624133,P48643,CCT5,UP,NA
1.151466667,0.541367266,P48668,KRT6C,NO,NA
7.538433333,0.024814889,P48723,HSPA13,UP,NA
0.447733333,0.13907799,P48735,IDH2,NO,NA
6.072233333,0.000232088,P48960,CD97,UP,NA
1.119566667,0.262097526,P49006,MARCKSL1,NO,NA
-1.267433333,0.011535374,P49207,RPL34,DOWN,NA
1.8264,0.500504076,P49257,LMAN1,NO,NA
0.8178,0.295145754,P49327,FASN,NO,NA
0.1646,0.767780524,P49368,CCT3,NO,NA
0.109633333,0.752288509,P49406,MRPL19,NO,NA
1.213166667,0.006548088,P49419,ALDH7A1,UP,NA
-0.580633333,0.188113857,P49450,CENPA,NO,NA
0.431066667,0.012750415,P49458,SRP9,NO,NA
-0.3855,0.683108515,P49588,AARS,NO,NA
0.175866667,0.925567203,P49591,SARS,NO,NA
0.8209,0.199755246,P49643,PRIM2,NO,NA
-0.201266667,0.594246911,P49711,CTCF,NO,NA
2.383466667,0.052885201,P49721,PSMB2,NO,NA
-0.068166667,0.923371399,P49736,MCM2,NO,NA
2.8927,0.134894927,P49748,ACADVL,NO,NA
-1.314666667,0.006940571,P49750,YLPM1,DOWN,NA
1.060333333,0.00493756,P49753,ACOT2,UP,NA
3.236666667,0.017433157,P49755,TMED10,UP,NA
0.214833333,0.570032762,P49756,RBM25,NO,NA
1.8188,0.034958131,P49760,CLK2,UP,NA
-0.029633333,0.970083458,P49790,NUP153,NO,NA
-0.2179,0.53438549,P49792,RANBP2,NO,NA
0.5188,0.111730784,P49821,NDUFV1,NO,NA
-2.1128,0.157917781,P49848,TAF6,NO,NA
1.370933333,0.013553196,P49916,LIG3,UP,NA
0.5888,0.141590704,P49959,MRE11,NO,NA
4.073333333,0.034356053,P50148,GNAQ,UP,NA
1.2293,0.030781606,P50213,IDH3A,UP,NA
3.035333333,0.026093303,P50336,PPOX,UP,NA
3.2661,0.022859807,P50395,GDI2,UP,NA
0.911533333,0.063342556,P50402,EMD,NO,NA
2.384066667,9.16E-05,P50454,SERPINH1,UP,NA
0.9559,0.5287524,P50502,ST13,NO,NA
4.0479,0.077986846,P50613,CDK7,NO,NA
2.476366667,0.05876233,P50895,BCAM,NO,NA
4.692466667,3.51E-05,P50897,PPT1,UP,NA
-1.067133333,0.015811629,P50914,RPL14,DOWN,NA
1.416833333,0.023903983,P50990,CCT8,UP,NA
0.7684,0.211230413,P50991,CCT4,NO,NA
1.777166667,0.134750892,P51114,FXR1,NO,NA
2.159366667,0.012271497,P51148,RAB5C,UP,NA
1.257033333,0.073199778,P51149,RAB7A,NO,NA
0.656266667,0.370297315,P51151,RAB9A,NO,NA
1.726666667,0.210228825,P51153,RAB13,NO,NA
0.7084,0.20612315,P51398,DAP3,NO,NA
-0.360733333,0.460976879,P51532,SMARCA4,NO,NA
1.244033333,0.067319042,P51553,IDH3G,NO,NA
1.837966667,0.001657944,P51571,SSR4,UP,NA
0.705466667,0.169352412,P51572,BCAP31,NO,NA
0.3342,0.471254167,P51610,HCFC1,NO,NA
1.7728,0.094256765,P51648,ALDH3A2,NO,NA
0.814933333,0.043378488,P51649,ALDH5A1,NO,NA
1.103133333,0.002033806,P51659,HSD17B4,UP,NA
3.3248,0.000332635,P51665,PSMD7,UP,NA
2.446866667,0.100475958,P51687,SUOX,NO,NA
2.5258,0.00384359,P51688,SGSH,UP,NA
3.0554,0.09883256,P51809,VAMP7,NO,NA
1.969233333,0.000554626,P51970,NDUFA8,UP,NA
-0.456633333,0.078795148,P51991,HNRNPA3,NO,NA
2.258166667,0.165608286,P52209,PGD,NO,NA
0.0812,0.418783562,P52272,HNRNPM,NO,NA
1.212833333,0.002992007,P52292,KPNA2,UP,NA
1.7733,0.00936649,P52294,KPNA1,UP,NA
0.5078,0.595047705,P52306,RAP1GDS1,NO,NA
-0.145933333,0.750057844,P52597,HNRNPF,NO,NA
-1.043266667,0.266824264,P52756,RBM5,NO,NA
3.225566667,0.00051643,P52789,HK2,UP,NA
0.5193,0.632688276,P52815,MRPL12,NO,NA
2.352533333,0.008576691,P52888,THOP1,UP,NA
1.874633333,0.004579571,P52907,CAPZA1,UP,NA
1.5428,0.003947235,P52948,NUP98,UP,NA
0.897366667,0.318186104,P53007,SLC25A1,NO,NA
0.474133333,0.413631355,P53396,ACLY,NO,NA
-1.367733333,0.325851597,P53582,METAP1,NO,NA
-0.725766667,0.071877587,P53597,SUCLG1,NO,NA
5.683066667,0.000151574,P53618,COPB1,UP,NA
-0.6263,0.313225735,P53621,COPA,NO,NA
3.7411,0.006018298,P53634,CTSC,UP,NA
0.8181,0.004351234,P53680,AP2S1,NO,NA
0.487133333,0.312711138,P53701,HCCS,NO,NA
1.005333333,0.165767379,P53985,SLC16A1,NO,NA
0.021466667,0.976563603,P54136,RARS,NO,NA
1.435366667,0.093174277,P54578,USP14,NO,NA
2.467866667,0.000148804,P54709,ATP1B3,UP,NA
5.710833333,5.47E-05,P54802,NAGLU,UP,NA
0.513433333,0.213869786,P54819,AK2,NO,NA
0.632,0.016477474,P54886,ALDH18A1,NO,NA
1.542266667,0.056963417,P54920,NAPA,NO,NA
0.3608,0.76486497,P55010,EIF5,NO,NA
2.221733333,0.01170079,P55060,CSE1L,UP,NA
1.1013,0.001259721,P55072,VCP,UP,NA
0.369133333,0.024055825,P55084,HADHB,NO,NA
1.524266667,0.27186828,P55196,AFDN,NO,NA
0.837866667,0.099663918,P55209,NAP1L1,NO,NA
-0.4993,0.254983993,P55265,ADAR,NO,NA
1.610466667,0.031883261,P55268,LAMB2,UP,NA
1.9294,0.217094497,P55735,SEC13,NO,NA
-0.075766667,0.866162141,P55769,SNU13,NO,NA
3.277366667,0.093604047,P55786,NPEPPS,NO,NA
1.518433333,0.098176461,P55795,HNRNPH2,NO,NA
0.8849,0.056775766,P55809,OXCT1,NO,NA
0.680733333,0.273183321,P55884,EIF3B,NO,NA
1.604566667,0.040798142,P56134,ATP5J2,UP,NA
-0.424266667,0.306782567,P56182,RRP1,NO,NA
1.631066667,0.009818075,P56192,MARS,UP,NA
4.239233333,1.15E-05,P56199,ITGA1,UP,NA
-0.541,0.759032338,P56270,MAZ,NO,NA
0.7185,0.030386738,P56381,ATP5F1E,NO,NA
-0.845133333,0.270500447,P56537,EIF6,NO,NA
1.894333333,0.163624419,P56545,CTBP2,NO,NA
1.031266667,0.042639588,P56962,STX17,UP,NA
3.628633333,0.042143415,P57088,TMEM33,UP,NA
-0.035,0.859050089,P57105,SYNJ2BP,NO,NA
2.432966667,0.001737652,P57721,PCBP3,UP,NA
1.743533333,0.000565183,P57740,NUP107,UP,NA
1.263566667,0.138995577,P59998,ARPC4,NO,NA
2.7446,0.046173711,P60033,CD81,UP,NA
0.642733333,0.386661014,P60059,SEC61G,NO,NA
0.238066667,0.73265046,P60174,TPI1,NO,NA
0.124166667,0.947706204,P60228,EIF3E,NO,NA
0.108133333,0.821403191,P60468,SEC61B,NO,NA
0.8442,0.187909109,P60604,UBE2G2,NO,NA
3.044866667,0.031447389,P60660,MYL6,UP,NA
0.542466667,0.004012137,P60709,ACTB,NO,NA
1.4303,0.025473684,P60842,EIF4A1,UP,NA
-0.068866667,0.841382818,P60866,RPS20,NO,NA
2.465366667,0.001051514,P60891,PRPS1,UP,NA
1.598466667,0.201323754,P60900,PSMA6,NO,NA
0.3496,0.723096632,P60953,CDC42,NO,NA
1.029366667,0.226273848,P61006,RAB8A,NO,NA
1.7725,0.002401218,P61009,SPCS3,UP,NA
1.2306,0.04992715,P61011,SRP54,UP,NA
1.204933333,0.028319597,P61019,RAB2A,UP,NA
1.625533333,0.096489146,P61020,RAB5B,NO,NA
1.441166667,0.042668263,P61026,RAB10,UP,NA
0.579233333,0.500742957,P61081,UBE2M,NO,NA
0.1679,0.841105752,P61088,UBE2N,NO,NA
1.015466667,0.109118683,P61106,RAB14,NO,NA
1.1542,0.007722438,P61158,ACTR3,UP,NA
0.8851,0.593452157,P61163,ACTR1A,NO,NA
2.033633333,0.00497203,P61204,ARF3,UP,NA
1.895466667,0.100383304,P61221,ABCE1,NO,NA
0.715433333,0.118227542,P61224,RAP1B,NO,NA
1.3564,0.113963201,P61225,RAP2B,NO,NA
-0.094133333,0.706197487,P61247,RPS3A,NO,NA
0.0582,0.66276524,P61254,RPL26,NO,NA
-1.021866667,0.053336395,P61313,RPL15,NO,NA
0.221133333,0.45615273,P61326,MAGOH,NO,NA
-0.600133333,0.146197753,P61353,RPL27,NO,NA
2.965866667,0.004649156,P61421,ATP6V0D1,UP,NA
-1.175333333,0.112245822,P61513,RPL37A,NO,NA
1.187733333,0.007260275,P61586,RHOA,UP,NA
0.415933333,0.851990313,P61604,HSPE1,NO,NA
1.436933333,0.365580062,P61619,SEC61A1,NO,NA
4.6261,0.00423515,P61769,B2M,UP,NA
2.2496,0.042969657,P61803,DAD1,UP,NA
6.385066667,0.008461715,P61916,NPC2,UP,NA
-1.1826,0.018355126,P61927,RPL37,DOWN,NA
-0.017933333,0.921366962,P61956,SUMO2,NO,NA
0.184333333,0.71492542,P61964,WDR5,NO,NA
0.1663,0.610886019,P61978,HNRNPK,NO,NA
0.3488,0.27779439,P61981,YWHAG,NO,NA
0.9308,0.081812971,P62070,RRAS2,NO,NA
1.063033333,0.413142506,P62072,TIMM10,NO,NA
0.493466667,0.086476771,P62081,RPS7,NO,NA
0.4504,0.024350985,P62136,PPP1CA,NO,NA
2.033733333,0.018261865,P62140,PPP1CB,UP,NA
1.300266667,0.348118486,P62191,PSMC1,NO,NA
-0.8249,0.181303307,P62241,RPS8,NO,NA
0.075,0.891262309,P62244,RPS15A,NO,NA
-0.2834,0.305851367,P62249,RPS16,NO,NA
0.9163,0.116687371,P62258,YWHAE,NO,NA
-0.4213,0.594798943,P62263,RPS14,NO,NA
-0.6786,0.12066085,P62266,RPS23,NO,NA
-0.547933333,0.167156714,P62269,RPS18,NO,NA
-0.646633333,0.641834363,P62273,RPS29,NO,NA
-0.697633333,0.226808845,P62277,RPS13,NO,NA
-0.455366667,0.10467837,P62280,RPS11,NO,NA
0.6456,0.057386944,P62304,SNRPE,NO,NA
0.377866667,0.171259993,P62306,SNRPF,NO,NA
-0.219433333,0.327517605,P62308,SNRPG,NO,NA
0.512166667,0.432095722,P62314,SNRPD1,NO,NA
-0.5542,0.120380848,P62316,SNRPD2,NO,NA
-0.547233333,0.230431386,P62318,SNRPD3,NO,NA
-1.043,0.246961363,P62424,RPL7A,NO,NA
0.9652,0.191890017,P62495,ETF1,NO,NA
-0.972333333,0.03843756,P62633,CNBP,NO,NA
-0.4716,0.411955266,P62701,RPS4X,NO,NA
1.5031,0.187025886,P62714,PPP2CB,NO,NA
-0.557066667,0.028636178,P62750,RPL23A,NO,NA
-0.9191,0.155492746,P62753,RPS6,NO,NA
-1.004033333,0.073696475,P62805,HIST1H4A,NO,NA
1.8944,0.007012584,P62820,RAB1A,UP,NA
0.870766667,0.091981103,P62826,RAN,NO,NA
0.076566667,0.322653579,P62829,RPL23,NO,NA
1.788233333,0.326286363,P62834,RAP1A,NO,NA
-1.2991,0.079606221,P62841,RPS15,NO,NA
-0.053966667,0.910900703,P62847,RPS24,NO,NA
-0.450666667,0.355014139,P62851,RPS25,NO,NA
-1.317366667,0.54043057,P62854,RPS26,NO,NA
4.227,0.173219463,P62857,RPS28,NO,NA
2.089633333,0.002066705,P62873,GNB1,UP,NA
-0.444433333,0.199477725,P62875,POLR2L,NO,NA
0.601666667,0.058672631,P62879,GNB2,NO,NA
0.5874,0.038193407,P62888,RPL30,NO,NA
-1.158,0.321897551,P62891,RPL39,NO,NA
-0.798466667,0.30420687,P62899,RPL31,NO,NA
0.155233333,0.671776927,P62906,RPL10A,NO,NA
-1.310733333,0.064828163,P62910,RPL32,NO,NA
0.1569,0.366043435,P62913,RPL11,NO,NA
-1.033233333,0.146460999,P62917,RPL8,NO,NA
-0.492733333,0.401573986,P62937,PPIA,NO,NA
0.5771,0.242730608,P62979,RPS27A,NO,NA
-0.7555,0.046992467,P62995,TRA2B,NO,NA
0.781433333,0.127692685,P63000,RAC1,NO,NA
2.1953,3.70E-05,P63010,AP2B1,UP,NA
1.229766667,0.090358899,P63092,GNAS,NO,NA
1.848,0.160887053,P63096,GNAI1,NO,NA
1.203,0.100151078,P63104,YWHAZ,NO,NA
0.017166667,0.936291659,P63165,SUMO1,NO,NA
1.101033333,0.046030615,P63167,DYNLL1,UP,NA
-0.307433333,0.306441376,P63173,RPL38,NO,NA
0.051666667,0.842921251,P63208,SKP1,NO,NA
1.157266667,0.002790466,P63218,GNG5,UP,NA
-0.0992,0.820830521,P63241,EIF5A,NO,NA
1.280433333,0.065182163,P63244,RACK1,NO,NA
0.5734,0.055040872,P63261,ACTG1,NO,NA
-0.688566667,0.16700162,P63279,UBE2I,NO,NA
0.5206,0.471114815,P67809,YBX1,NO,NA
1.302533333,0.311713169,P67812,SEC11A,NO,NA
-0.890666667,0.037166545,P67870,CSNK2B,NO,NA
1.976633333,0.224945977,P67936,TPM4,NO,NA
1.855733333,0.018272671,P68032,ACTC1,UP,NA
0.0041,0.992648836,P68104,EEF1A1,NO,NA
1.253966667,0.037691711,P68363,TUBA1B,UP,NA
0.758733333,0.207272112,P68371,TUBB4B,NO,NA
1.1024,0.119312171,P68400,CSNK2A1,NO,NA
-0.328266667,0.531564255,P68431,HIST1H3A,NO,NA
3.581333333,0.000155491,P78310,CXADR,UP,NA
-0.3925,0.425023749,P78316,NOP14,NO,NA
0.279,0.253694484,P78347,GTF2I,NO,NA
1.1151,0.030613902,P78371,CCT2,UP,NA
0.205333333,0.725532745,P78406,RAE1,NO,NA
-0.468166667,0.347880516,P78527,PRKDC,NO,NA
0.291833333,0.853456154,P78540,ARG2,NO,NA
0.048733333,0.904857383,P78549,NTHL1,NO,NA
3.631166667,0.00464111,P80303,NUCB2,UP,NA
2.890266667,0.007190635,P82094,TMF1,UP,NA
1.300866667,0.081103346,P82650,MRPS22,NO,NA
0.8914,0.614136764,P82664,MRPS10,NO,NA
0.664933333,0.110971846,P82673,MRPS35,NO,NA
-0.5271,0.462991308,P82675,MRPS5,NO,NA
-0.984966667,0.5394379,P82912,MRPS11,NO,NA
-0.8587,0.50814969,P82914,MRPS15,NO,NA
-1.167233333,0.391844336,P82921,MRPS21,NO,NA
-1.0907,0.398016491,P82930,MRPS34,NO,NA
3.2511,0.284932075,P82932,MRPS6,NO,NA
0.1768,0.440182819,P82933,MRPS9,NO,NA
0.499633333,0.132484195,P82979,SARNP,NO,NA
-0.3865,0.410803709,P83731,RPL24,NO,NA
-1.416866667,0.352486307,P83916,CBX1,NO,NA
-0.245866667,0.842870489,P84085,ARF5,NO,NA
-0.836233333,0.091940944,P84090,ERH,NO,NA
0.891666667,0.046876213,P84095,RHOG,NO,NA
-1.831733333,0.058449533,P84098,RPL19,NO,NA
-0.8795,0.00611223,P84103,SRSF3,NO,NA
2.426766667,0.098339187,P84243,H3F3A,NO,NA
2.504966667,0.003298668,P98172,EFNB1,UP,NA
1.058166667,0.245164574,P98175,RBM10,NO,NA
0.843633333,0.035979696,P98179,RBM3,NO,NA
-0.5559,0.048854659,P99999,CYCS,NO,NA
-0.5431,0.319292202,Q00005,PPP2R2B,NO,NA
0.945566667,0.201735184,Q00013,MPP1,NO,NA
0.580766667,0.086132325,Q00059,TFAM,NO,NA
0.454166667,0.48234538,Q00325,SLC25A3,NO,NA
1.698433333,0.11181904,Q00341,HDLBP,NO,NA
1.4136,0.001220395,Q00610,CLTC,UP,NA
0.4342,0.576534406,Q00688,FKBP3,NO,NA
1.359866667,0.113054075,Q00765,REEP5,NO,NA
-0.559566667,0.110552591,Q00839,HNRNPU,NO,NA
0.391233333,0.138380173,Q01082,SPTBN1,NO,NA
1.116233333,0.247277148,Q01085,TIAL1,NO,NA
0.786933333,0.222644286,Q01105,SET,NO,NA
-1.7403,0.211896658,Q01130,SRSF2,NO,NA
0.272933333,0.822252522,Q01167,FOXK2,NO,NA
2.118766667,0.191561363,Q01518,CAP1,NO,NA
1.3812,0.106874853,Q01650,SLC7A5,NO,NA
-0.464733333,0.215888921,Q01780,EXOSC10,NO,NA
-0.1603,0.931335701,Q01831,XPC,NO,NA
0.970733333,0.525724574,Q01844,EWSR1,NO,NA
-0.4353,0.576099308,Q02040,AKAP17A,NO,NA
3.5949,0.030189971,Q02127,DHODH,UP,NA
1.953,0.035205449,Q02218,OGDH,UP,NA
1.392933333,0.290860576,Q02252,ALDH6A1,NO,NA
-2.981333333,0.158666243,Q02487,DSC2,NO,NA
-1.371633333,0.013709976,Q02539,HIST1H1A,DOWN,NA
-0.626233333,0.324495279,Q02543,RPL18A,NO,NA
0.0258,0.974111367,Q02790,FKBP4,NO,NA
2.780733333,1.86E-05,Q02809,PLOD1,UP,NA
3.706433333,7.46E-05,Q02818,NUCB1,UP,NA
-0.994366667,0.054863067,Q02878,RPL6,NO,NA
-0.5918,0.333370127,Q02880,TOP2B,NO,NA
0.785533333,0.115851438,Q02952,AKAP12,NO,NA
1.622466667,0.056431623,Q02978,SLC25A11,NO,NA
-0.477266667,0.252074649,Q03164,KMT2A,NO,NA
2.275233333,9.52E-05,Q03252,LMNB2,UP,NA
-0.673033333,0.125437818,Q03701,CEBPZ,NO,NA
-0.884533333,0.301772986,Q04637,EIF4G1,NO,NA
3.724566667,0.003085353,Q04721,NOTCH2,UP,NA
-2.4878,0.198137576,Q04760,GLO1,NO,NA
-1.103466667,0.185743987,Q04837,SSBP1,NO,NA
0.6378,0.571700873,Q04917,YWHAH,NO,NA
0.600366667,0.605697305,Q04941,PLP2,NO,NA
-0.070066667,0.92374754,Q05048,CSTF1,NO,NA
0.015833333,0.994844805,Q05519,SRSF11,NO,NA
-0.511,0.413623248,Q05639,EEF1A2,NO,NA
-1.146166667,0.323321083,Q05D32,CTDSPL2,NO,NA
0.990133333,0.006746545,Q06265,EXOSC9,NO,NA
0.0803,0.737514576,Q06787,FMR1,NO,NA
0.576833333,0.262335739,Q06830,PRDX1,NO,NA
-1.273633333,0.048845311,Q07020,RPL18,DOWN,NA
0.040733333,0.887131158,Q07021,C1QBP,NO,NA
1.471766667,0.069054712,Q07065,CKAP4,NO,NA
3.921066667,0.025585586,Q07075,ENPEP,UP,NA
2.188266667,0.026121947,Q07157,TJP1,UP,NA
0.0924,0.669197914,Q07666,KHDRBS1,NO,NA
0.402466667,0.332877879,Q07812,BAX,NO,NA
0.978566667,0.521503957,Q07817,BCL2L1,NO,NA
1.947,0.057654546,Q07954,LRP1,NO,NA
-0.6459,0.066670681,Q07955,SRSF1,NO,NA
-0.789133333,0.186189095,Q08170,SRSF4,NO,NA
-0.091166667,0.721436798,Q08211,DHX9,NO,NA
1.566766667,0.044470044,Q08257,CRYZ,UP,NA
1.9857,0.155364202,Q08378,GOLGA3,NO,NA
1.927266667,0.030638929,Q08379,GOLGA2,UP,NA
6.008466667,0.017923601,Q08380,LGALS3BP,UP,NA
4.800833333,0.000154198,Q08431,MFGE8,UP,NA
1.844766667,0.022152362,Q08722,CD47,UP,NA
1.799133333,0.099718952,Q08945,SSRP1,NO,NA
0.212733333,0.77506287,Q08J23,NSUN2,NO,NA
0.526133333,0.200218099,Q09028,RBBP4,NO,NA
1.518066667,0.029679249,Q09161,NCBP1,UP,NA
-2.5648,0.085924197,Q09666,AHNAK,NO,NA
1.355233333,0.056265699,Q10567,AP1B1,NO,NA
0.082433333,0.764535215,Q10570,CPSF1,NO,NA
1.038233333,0.044136692,Q10713,PMPCA,UP,NA
1.858566667,0.036798502,Q12769,NUP160,UP,NA
-0.299033333,0.454005469,Q12788,TBL3,NO,NA
-1.0119,0.63322552,Q12789,GTF3C1,NO,NA
2.505266667,0.084580696,Q12797,ASPH,NO,NA
1.137766667,0.233574748,Q12824,SMARCB1,NO,NA
-0.985533333,0.505488789,Q12830,BPTF,NO,NA
1.870333333,0.013986585,Q12841,FSTL1,UP,NA
2.528866667,0.036759878,Q12846,STX4,UP,NA
0.7527,0.007230023,Q12849,GRSF1,NO,NA
2.249866667,0.098955109,Q12860,CNTN1,NO,NA
-0.7742,0.481145037,Q12872,SFSWAP,NO,NA
2.112766667,0.15476075,Q12873,CHD3,NO,NA
0.3423,0.213764813,Q12874,SF3A3,NO,NA
1.811733333,0.075478528,Q12888,TP53BP1,NO,NA
1.0176,0.01740975,Q12905,ILF2,UP,NA
-0.181466667,0.425161971,Q12906,ILF3,NO,NA
2.0964,0.011517833,Q12907,LMAN2,UP,NA
1.1962,0.000908305,Q12931,TRAP1,UP,NA
-1.2851,0.355503533,Q12955,ANK3,NO,NA
2.700266667,0.000785049,Q12959,DLG1,UP,NA
-0.256933333,0.75063201,Q12981,BNIP1,NO,NA
0.920433333,0.232196031,Q12996,CSTF3,NO,NA
0.2654,0.288138347,Q13011,ECH1,NO,NA
0.253233333,0.416117229,Q13084,MRPL28,NO,NA
0.582833333,0.596083082,Q13085,ACACA,NO,NA
-2.0271,0.309701299,Q13111,CHAF1A,NO,NA
0.2966,0.666614668,Q13112,CHAF1B,NO,NA
-0.717466667,0.028278267,Q13123,IK,NO,NA
0.053633333,0.876543381,Q13148,TARDBP,NO,NA
-0.647333333,0.037347363,Q13151,HNRNPA0,NO,NA
-0.827166667,0.394392981,Q13155,AIMP2,NO,NA
2.163466667,7.27E-05,Q13162,PRDX4,UP,NA
-0.567533333,0.252282038,Q13185,CBX3,NO,NA
2.3739,0.026058558,Q13200,PSMD2,UP,NA
-1.662466667,0.178121034,Q13206,DDX10,NO,NA
3.148433333,0.073846364,Q13217,DNAJC3,NO,NA
3.3541,0.065631326,Q13232,NME3,NO,NA
-0.130533333,0.765463447,Q13242,SRSF9,NO,NA
0.781633333,0.304026351,Q13243,SRSF5,NO,NA
-1.073033333,0.017150618,Q13247,SRSF6,DOWN,NA
0.471366667,0.122644892,Q13263,TRIM28,NO,NA
0.2615,0.794881566,Q13283,G3BP1,NO,NA
2.601766667,0.006300655,Q13308,PTK7,UP,NA
0.814333333,0.080980059,Q13310,PABPC4,NO,NA
-0.498933333,0.432986393,Q13330,MTA1,NO,NA
3.1712,0.042086417,Q13405,MRPL49,UP,NA
1.6894,0.264061655,Q13423,NNT,NO,NA
2.107433333,0.13251994,Q13425,SNTB2,NO,NA
-1.331433333,0.302828523,Q13427,PPIG,NO,NA
-1.4866,0.130577792,Q13428,TCOF1,NO,NA
-0.460766667,0.004688106,Q13435,SF3B2,NO,NA
2.6232,0.25627193,Q13438,OS9,NO,NA
1.014,0.204628871,Q13445,TMED1,NO,NA
0.4051,0.390237328,Q13492,PICALM,NO,NA
2.9373,0.097917183,Q13505,MTX1,NO,NA
5.371333333,7.03E-05,Q13510,ASAH1,UP,NA
-1.2354,0.033606592,Q13523,PRPF4B,DOWN,NA
0.838233333,0.250753305,Q13547,HDAC1,NO,NA
1.942733333,0.005497536,Q13561,DCTN2,UP,NA
-0.2957,0.277481575,Q13573,SNW1,NO,NA
2.113533333,0.004588461,Q13586,STIM1,UP,NA
-0.167333333,0.752496014,Q13595,TRA2A,NO,NA
-0.018066667,0.971968559,Q13601,KRR1,NO,NA
1.211266667,0.222313592,Q13610,PWP1,NO,NA
0.735,0.457209656,Q13620,CUL4B,NO,NA
4.5455,0.000487836,Q13641,TPBG,UP,NA
-0.874,0.054327717,Q13642,FHL1,NO,NA
2.969,0.145420122,Q13724,MOGS,NO,NA
3.046766667,0.001011,Q13740,ALCAM,UP,NA
-0.959,0.666380237,Q13769,THOC5,NO,NA
0.736633333,0.003387957,Q13813,SPTAN1,NO,NA
-0.643433333,0.536939654,Q13823,GNL2,NO,NA
1.0446,0.005494958,Q13838,DDX39B,UP,NA
2.2878,0.087949369,Q13867,BLMH,NO,NA
1.933066667,0.033890661,Q13868,EXOSC2,UP,NA
-0.0823,0.952615642,Q13895,BYSL,NO,NA
1.8008,0.067603719,Q13907,IDI1,NO,NA
-0.098233333,0.583806459,Q14103,HNRNPD,NO,NA
2.842133333,0.000223928,Q14108,SCARB2,UP,NA
1.884333333,0.142418766,Q14118,DAG1,NO,NA
2.659266667,2.86E-06,Q14126,DSG2,UP,NA
-0.350633333,0.511113278,Q14137,BOP1,NO,NA
3.708866667,0.000493408,Q14139,UBE4A,UP,NA
-0.984566667,0.003565308,Q14151,SAFB2,NO,NA
-1.080466667,0.061978196,Q14152,EIF3A,NO,NA
0.270733333,0.541074335,Q14157,UBAP2L,NO,NA
1.920733333,0.025319642,Q14160,SCRIB,UP,NA
4.293566667,0.041829059,Q14165,MLEC,UP,NA
-1.5163,0.321240909,Q14166,TTLL12,NO,NA
3.288966667,0.052937393,Q14168,MPP2,NO,NA
0.603766667,0.747822062,Q14197,MRPL58,NO,NA
2.154733333,0.01379031,Q14203,DCTN1,UP,NA
1.207133333,0.436093267,Q14204,DYNC1H1,NO,NA
1.068933333,0.012276271,Q14249,ENDOG,UP,NA
2.466266667,0.015048404,Q14254,FLOT2,UP,NA
4.743466667,0.083629725,Q14257,RCN2,NO,NA
2.535,0.012138032,Q14318,FKBP8,UP,NA
1.741166667,0.01469024,Q14344,GNA13,UP,NA
-0.397333333,0.766123992,Q14444,CAPRIN1,NO,NA
0.005233333,0.992778633,Q14498,RBM39,NO,NA
5.0551,0.002383721,Q14554,PDIA5,UP,NA
0.521433333,0.080540042,Q14562,DHX8,NO,NA
2.455666667,0.002954427,Q14566,MCM6,UP,NA
-0.110766667,0.928928872,Q14669,TRIP12,NO,NA
-0.590633333,0.474307795,Q14676,MDC1,NO,NA
-0.256533333,0.418507235,Q14683,SMC1A,NO,NA
-1.060666667,0.101388248,Q14684,RRP1B,NO,NA
-0.535233333,0.285494264,Q14690,PDCD11,NO,NA
-0.983366667,0.200892573,Q14692,BMS1,NO,NA
2.8741,4.83E-05,Q14697,GANAB,UP,NA
0.6268,0.446449959,Q14728,MFSD10,NO,NA
0.299833333,0.652814316,Q14739,LBR,NO,NA
0.483933333,0.606204181,Q14789,GOLGB1,NO,NA
-0.028266667,0.952420957,Q14807,KIF22,NO,NA
-0.329866667,0.341648841,Q14839,CHD4,NO,NA
0.741766667,0.284532533,Q14919,DRAP1,NO,NA
-0.534633333,0.76490707,Q14966,ZNF638,NO,NA
1.067833333,0.016726828,Q14974,KPNB1,UP,NA
-3.0312,0.017602981,Q14978,NOLC1,DOWN,NA
-1.335766667,0.015575712,Q14980,NUMA1,DOWN,NA
0.264633333,0.642633011,Q149N8,SHPRH,NO,NA
1.284933333,0.091543807,Q15005,SPCS2,NO,NA
2.877433333,0.090698389,Q15006,EMC2,NO,NA
0.8645,0.114710764,Q15008,PSMD6,NO,NA
2.370566667,0.000558799,Q15019,2-Sep,UP,NA
-0.230433333,0.863937558,Q15022,SUZ12,NO,NA
1.6959,0.037079679,Q15024,EXOSC7,UP,NA
0.689933333,0.016121189,Q15029,EFTUD2,NO,NA
-0.448,0.301598677,Q15031,LARS2,NO,NA
2.870666667,0.091442076,Q15041,ARL6IP1,NO,NA
1.674933333,0.066879026,Q15043,SLC39A14,NO,NA
0.8349,0.014320043,Q15046,KARS,NO,NA
-1.316833333,0.084191599,Q15050,RRS1,NO,NA
1.662633333,0.011087517,Q15058,KIF14,UP,NA
0.2656,0.240395114,Q15061,WDR43,NO,NA
0.9963,0.015703434,Q15067,ACOX1,NO,NA
0.950833333,0.337680567,Q15075,EEA1,NO,NA
2.188133333,2.39E-05,Q15084,PDIA6,UP,NA
1.6985,0.02365271,Q15102,PAFAH1B3,UP,NA
0.673933333,0.672867854,Q15120,PDK3,NO,NA
2.829033333,0.057784898,Q15125,EBP,NO,NA
1.384733333,0.246012237,Q15149,PLEC,NO,NA
4.222633333,0.013913865,Q15165,PON2,UP,NA
-0.625766667,0.756398692,Q15181,PPA1,NO,NA
-0.471333333,0.157018379,Q15185,PTGES3,NO,NA
-0.104266667,0.650551178,Q15233,NONO,NO,NA
4.470233333,0.000244383,Q15262,PTPRK,UP,NA
1.2132,0.032017119,Q15269,PWP2,UP,NA
1.8293,0.218133087,Q15286,RAB35,NO,NA
-2.9906,0.04534557,Q15287,RNPS1,DOWN,NA
0.405366667,0.652605043,Q15291,RBBP5,NO,NA
3.548,9.05E-05,Q15293,RCN1,UP,NA
5.036833333,5.24E-05,Q15363,TMED2,UP,NA
0.574033333,0.045272449,Q15365,PCBP1,NO,NA
0.6152,0.241225178,Q15366,PCBP2,NO,NA
-0.3873,0.045786527,Q15369,ELOC,NO,NA
1.2981,0.259840818,Q15388,TOMM20,NO,NA
-3.497066667,8.24E-05,Q15392,DHCR24,DOWN,NA
0.7905,0.068774321,Q15393,SF3B3,NO,NA
-0.250633333,0.716622973,Q15397,PUM3,NO,NA
-0.8592,0.000244072,Q15424,SAFB,NO,NA
-0.9089,0.223260872,Q15427,SF3B4,NO,NA
0.400066667,0.009683108,Q15428,SF3A2,NO,NA
0.276533333,0.673238193,Q15435,PPP1R7,NO,NA
4.845233333,0.019206833,Q15436,SEC23A,UP,NA
-0.0869,0.622819588,Q15459,SF3A1,NO,NA
1.260533333,0.060033219,Q15542,TAF5,NO,NA
0.910366667,0.046742212,Q15599,SLC9A3R2,NO,NA
0.724166667,0.286970202,Q15631,TSN,NO,NA
-0.331433333,0.324362514,Q15637,SF1,NO,NA
1.372933333,0.092092034,Q15643,TRIP11,NO,NA
-0.014933333,0.933224476,Q15717,ELAVL1,NO,NA
2.5192,0.28617131,Q15738,NSDHL,NO,NA
2.802266667,0.008997383,Q15758,SLC1A5,UP,NA
0.6912,0.441204078,Q15833,STXBP2,NO,NA
1.327333333,0.328141474,Q15836,VAMP3,NO,NA
2.3815,0.057911749,Q15904,ATP6AP1,NO,NA
1.739,0.00025104,Q15907,RAB11B,UP,NA
-1.9593,0.206658964,Q15910,EZH2,NO,NA
2.856466667,0.05925659,Q16134,ETFDH,NO,NA
1.536366667,0.00975652,Q16352,INA,UP,NA
1.763233333,0.014429193,Q16531,DDB1,UP,NA
0.951366667,0.007908388,Q16540,MRPL23,NO,NA
2.153366667,0.247372768,Q16543,CDC37,NO,NA
3.323133333,0.002781248,Q16611,BAK1,UP,NA
-0.9828,0.013774659,Q16629,SRSF7,NO,NA
1.6102,0.041718522,Q16630,CPSF6,UP,NA
2.751333333,0.016093153,Q16643,DBN1,UP,NA
0.3983,0.273746408,Q16698,DECR1,NO,NA
2.208033333,0.066490439,Q16718,NDUFA5,NO,NA
0.966733333,0.041154755,Q16740,CLPP,NO,NA
1.4028,0.061431893,Q16762,TST,NO,NA
-0.5935,0.628468448,Q16795,NDUFA9,NO,NA
0.8018,0.106627659,Q16822,PCK2,NO,NA
0.7885,0.001325826,Q16836,HADH,NO,NA
0.1369,0.680297696,Q16878,CDO1,NO,NA
2.378666667,0.001997209,Q16891,IMMT,UP,NA
-2.843533333,0.075383187,Q1ED39,KNOP1,NO,NA
-0.353433333,0.405736204,Q1KMD3,HNRNPUL2,NO,NA
-0.981266667,0.222786477,Q29RF7,PDS5A,NO,NA
-1.583233333,0.326438872,Q2NL82,TSR1,NO,NA
2.371533333,0.021685902,Q2T9J0,TYSND1,UP,NA
0.609066667,0.300704083,Q2TAY7,SMU1,NO,NA
3.351133333,9.06E-05,Q32P28,P3H1,UP,NA
1.308533333,0.004894146,Q3ZCQ8,TIMM50,UP,NA
4.7621,0.000375994,Q495W5,FUT11,UP,NA
-0.254466667,0.626265734,Q49A26,GLYR1,NO,NA
0.202133333,0.748591037,Q4G0J3,LARP7,NO,NA
1.077766667,0.172308094,Q4G0N4,NADK2,NO,NA
-1.1553,0.534612756,Q4U2R6,MRPL51,NO,NA
-0.427833333,0.428408859,Q4VCS5,AMOT,NO,NA
1.302333333,0.165663214,Q53GQ0,HSD17B12,NO,NA
0.903733333,0.285063584,Q53GS7,GLE1,NO,NA
-0.189033333,0.85186768,Q53GS9,USP39,NO,NA
2.1796,0.060753109,Q53H12,AGK,NO,NA
3.509433333,0.002023865,Q53H82,LACTB2,UP,NA
0.4499,0.536669962,Q53HL2,CDCA8,NO,NA
-0.589033333,0.140923365,Q5BKZ1,ZNF326,NO,NA
0.083966667,0.906556269,Q5C9Z4,NOM1,NO,NA
4.248566667,0.01182749,Q5HYI8,RABL3,UP,NA
2.661366667,2.96E-05,Q5JPE7,NOMO2,UP,NA
3.99,0.073538483,Q5JRA6,MIA3,NO,NA
0.998133333,0.000828929,Q5JRX3,PITRM1,NO,NA
-0.5598,0.17411396,Q5JTH9,RRP12,NO,NA
1.325533333,0.070240005,Q5JTV8,TOR1AIP1,NO,NA
1.4401,0.036830757,Q5JTZ9,AARS2,UP,NA
2.2908,0.000877462,Q5JU69,TOR2A,UP,NA
0.279233333,0.565011845,Q5JVF3,PCID2,NO,NA
-0.745933333,0.090631775,Q5QJE6,DNTTIP2,NO,NA
-0.0442,0.810331192,Q5RKV6,EXOSC6,NO,NA
1.367666667,0.00047154,Q5SRE5,NUP188,UP,NA
-0.4339,0.659746898,Q5SSJ5,HP1BP3,NO,NA
1.222266667,0.469645852,Q5SWX8,ODR4,NO,NA
-0.528,0.621587527,Q5SY16,NOL9,NO,NA
-1.086333333,0.43099208,Q5SZK8,FREM2,NO,NA
0.325066667,0.475528493,Q5T160,RARS2,NO,NA
-2.061866667,0.285798104,Q5T200,ZC3H13,NO,NA
-0.625766667,0.623082912,Q5T280,SPOUT1,NO,NA
1.9089,0.023295251,Q5T2T1,MPP7,UP,NA
1.0265,0.26970605,Q5T440,IBA57,NO,NA
-1.218133333,0.304246035,Q5T653,MRPL2,NO,NA
-1.107666667,0.086215922,Q5T749,KPRP,NO,NA
0.686633333,0.375661047,Q5T8P6,RBM26,NO,NA
1.404233333,0.157952223,Q5T9A4,ATAD3B,NO,NA
1.3295,0.04851211,Q5TC12,ATPAF1,UP,NA
2.205533333,0.000250621,Q5TZA2,CROCC,UP,NA
0.9968,0.148608706,Q5U5X0,LYRM7,NO,NA
3.190333333,0.296273742,Q5UCC4,EMC10,NO,NA
-0.839133333,0.129805551,Q5UIP0,RIF1,NO,NA
1.8512,0.187624173,Q5VT52,RPRD2,NO,NA
0.8967,0.273462127,Q5VT66,1-Mar,NO,NA
1.037933333,0.535663525,Q5VZL5,ZMYM4,NO,NA
1.1495,0.066036572,Q5VZM2,RRAGB,NO,NA
4.801733333,0.064877354,Q5ZPR3,CD276,NO,NA
0.338666667,0.731039816,Q68CP9,ARID2,NO,NA
2.453,0.0110371,Q68D85,NCR3LG1,UP,NA
2.4872,6.23E-05,Q68D91,MBLAC2,UP,NA
0.367633333,0.719123073,Q68E01,INTS3,NO,NA
0.4022,0.187342285,Q69YN4,VIRMA,NO,NA
3.4944,0.000957438,Q6DD88,ATL3,UP,NA
1.461433333,0.006879613,Q6IAA8,LAMTOR1,UP,NA
-0.139966667,0.918761148,Q6KC79,NIPBL,NO,NA
2.737666667,0.001263482,Q6L8Q7,PDE12,UP,NA
3.0007,0.000823861,Q6NUK1,SLC25A24,UP,NA
3.7151,0.00618292,Q6NUQ1,RINT1,UP,NA
1.823666667,0.125714112,Q6NUS6,TCTN3,NO,NA
0.7249,0.018217152,Q6NVY1,HIBCH,NO,NA
-0.0193,0.926140392,Q6P1J9,CDC73,NO,NA
0.538133333,0.382139589,Q6P1L8,MRPL14,NO,NA
1.397666667,0.176076065,Q6P1X6,C8orf82,NO,NA
1.7737,0.068792486,Q6P2E9,EDC4,NO,NA
1.131133333,0.193895599,Q6P2I3,FAHD2B,NO,NA
-0.4437,0.243839681,Q6P2Q9,PRPF8,NO,NA
1.071366667,0.105672311,Q6P587,FAHD1,NO,NA
0.3272,0.739243585,Q6P9B9,INTS5,NO,NA
0.738733333,0.451798001,Q6PD62,CTR9,NO,NA
0.858033333,0.007161521,Q6PI48,DARS2,NO,NA
2.425,0.075206789,Q6PI78,TMEM65,NO,NA
-0.6984,0.231368074,Q6PJT7,ZC3H14,NO,NA
-0.056833333,0.943576754,Q6PK18,OGFOD3,NO,NA
1.268466667,0.303563504,Q6PKG0,LARP1,NO,NA
-0.312266667,0.763147849,Q6PL18,ATAD2,NO,NA
0.8175,0.507337374,Q6RFH5,WDR74,NO,NA
2.7527,0.226900772,Q6S8J3,POTEE,NO,NA
0.711633333,0.010032126,Q6UB35,MTHFD1L,NO,NA
-0.9478,0.163612849,Q6UN15,FIP1L1,NO,NA
2.513866667,0.00590433,Q6UVY6,MOXD1,UP,NA
1.052,0.393497696,Q6UW56,ATRAID,NO,NA
1.811933333,0.016725643,Q6UW63,KDELC1,UP,NA
0.839133333,0.600494951,Q6UW68,TMEM205,NO,NA
4.574966667,0.000501195,Q6UXH1,CRELD2,UP,NA
1.109233333,0.16569194,Q6UXN9,WDR82,NO,NA
-0.239233333,0.606230736,Q6WCQ1,MPRIP,NO,NA
0.482366667,0.696795792,Q6Y1H2,HACD2,NO,NA
3.394166667,9.46E-06,Q6Y288,B3GLCT,UP,NA
3.866666667,0.003583805,Q6YHK3,CD109,UP,NA
0.204733333,0.132380714,Q6YN16,HSDL2,NO,NA
-1.308133333,0.195000085,Q6ZRS2,SRCAP,NO,NA
1.871733333,0.040546129,Q70UQ0,IKBIP,UP,NA
0.8816,0.428735366,Q71DI3,HIST2H3A,NO,NA
2.089133333,0.041990082,Q71RC2,LARP4,UP,NA
0.7904,0.385455229,Q7KYR7,BTN2A1,NO,NA
-0.296066667,0.49093766,Q7KZ85,SUPT6H,NO,NA
1.538333333,0.000176443,Q7KZF4,SND1,UP,NA
1.046333333,0.15055533,Q7KZN9,COX15,NO,NA
-1.059666667,0.157655431,Q7L014,DDX46,NO,NA
-0.118866667,0.60132825,Q7L0Y3,TRMT10C,NO,NA
0.968533333,0.369809608,Q7L1Q6,BZW1,NO,NA
0.549066667,0.163744159,Q7L2E3,DHX30,NO,NA
-1.769166667,0.225362707,Q7L2H7,EIF3M,NO,NA
-0.179433333,0.595383611,Q7RTV0,PHF5A,NO,NA
1.633533333,0.385602404,Q7Z2K6,ERMP1,NO,NA
1.6721,0.036937461,Q7Z2T5,TRMT1L,UP,NA
0.636766667,0.441575424,Q7Z2W4,ZC3HAV1,NO,NA
0.491966667,0.161381917,Q7Z2W9,MRPL21,NO,NA
4.839333333,0.079727032,Q7Z3B4,NUP54,NO,NA
-0.352,0.254683727,Q7Z3K3,POGZ,NO,NA
3.1298,2.74E-05,Q7Z4H8,KDELC2,UP,NA
0.995533333,0.034536802,Q7Z4W1,DCXR,NO,NA
-3.3324,0.056199542,Q7Z6E9,RBBP6,NO,NA
3.8378,0.07143109,Q7Z7H5,TMED4,NO,NA
0.369866667,0.320626647,Q7Z7H8,MRPL10,NO,NA
0.141766667,0.793278116,Q7Z7K6,CENPV,NO,NA
-0.148,0.561878285,Q86SE5,RALYL,NO,NA
1.309766667,0.010846674,Q86SQ9,DHDDS,UP,NA
3.476966667,0.0107132,Q86T03,PIP4P1,UP,NA
1.071533333,0.351195608,Q86U38,NOP9,NO,NA
-0.599566667,0.019010172,Q86U42,PABPN1,NO,NA
-1.254266667,0.16141658,Q86U86,PBRM1,NO,NA
-0.412666667,0.692576564,Q86UE4,MTDH,NO,NA
1.449333333,0.04209941,Q86UP2,KTN1,UP,NA
2.394833333,0.097795587,Q86UY8,NT5DC3,NO,NA
2.029166667,0.000390629,Q86V35,CABP7,UP,NA
0.345133333,0.720126913,Q86VM9,ZC3H18,NO,NA
1.7931,0.056974464,Q86VP6,CAND1,NO,NA
1.814866667,0.01188697,Q86W42,THOC6,UP,NA
2.140266667,0.003380411,Q86WA6,BPHL,UP,NA
2.1541,0.061927186,Q86WA8,LONP2,NO,NA
1.843,0.214917833,Q86XP3,DDX42,NO,NA
-0.805533333,0.207416229,Q86Y79,PTRH1,NO,NA
0.6175,0.184651787,Q86Y82,STX12,NO,NA
2.681666667,0.002268467,Q86YN1,DOLPP1,UP,NA
-0.542433333,0.156169831,Q86YP4,GATAD2A,NO,NA
-0.896966667,0.61725737,Q86YZ3,HRNR,NO,NA
-0.084433333,0.890986411,Q8IUE6,HIST2H2AB,NO,NA
1.155466667,0.259019073,Q8IUH3,RBM45,NO,NA
3.983133333,4.46E-05,Q8IV08,PLD3,UP,NA
-0.4326,0.679722095,Q8IV63,VRK3,NO,NA
3.371366667,0.002218279,Q8IVL6,P3H3,UP,NA
-0.4141,0.761968652,Q8IVS2,MCAT,NO,NA
0.397233333,0.282777497,Q8IWA0,WDR75,NO,NA
2.479733333,0.031855526,Q8IWA4,MFN1,UP,NA
1.178766667,0.2099356,Q8IWF2,FOXRED2,NO,NA
1.215533333,0.255948944,Q8IWS0,PHF6,NO,NA
-0.200966667,0.273038756,Q8IWX8,CHERP,NO,NA
-1.3285,0.038272603,Q8IX01,SUGP2,DOWN,NA
0.482366667,0.07636215,Q8IX12,CCAR1,NO,NA
2.648533333,4.82E-05,Q8IXB1,DNAJC10,UP,NA
3.5766,0.072476517,Q8IXI1,RHOT2,NO,NA
-1.929933333,0.12925654,Q8IXM3,MRPL41,NO,NA
-0.457533333,0.797020797,Q8IXT5,RBM12B,NO,NA
0.013733333,0.994759631,Q8IY37,DHX37,NO,NA
-1.1706,0.043764865,Q8IY81,FTSJ3,DOWN,NA
-2.770533333,0.069223161,Q8IYB3,SRRM1,NO,NA
0.417133333,0.33927524,Q8IYB8,SUPV3L1,NO,NA
0.035,0.967877157,Q8IYI6,EXOC8,NO,NA
1.423466667,0.007073365,Q8IYT4,KATNAL2,UP,NA
1.4391,0.257468827,Q8IYU8,MICU2,NO,NA
3.744566667,0.01088843,Q8IZA0,KIAA0319L,UP,NA
2.961966667,0.006707408,Q8N131,TMEM123,UP,NA
1.021066667,0.404186051,Q8N138,ORMDL3,NO,NA
0.4973,0.041718002,Q8N163,CCAR2,NO,NA
1.208066667,0.145891171,Q8N183,NDUFAF2,NO,NA
1.523,0.057598955,Q8N1F7,NUP93,NO,NA
2.081733333,0.009482837,Q8N1F8,STK11IP,UP,NA
-0.6001,0.073219411,Q8N257,HIST3H2BB,NO,NA
0.702066667,0.419066572,Q8N2F6,ARMC10,NO,NA
1.277533333,0.162862203,Q8N357,SLC35F6,NO,NA
0.867566667,0.117612945,Q8N3U4,STAG2,NO,NA
1.512133333,0.139829085,Q8N442,GUF1,NO,NA
0.964966667,0.505267255,Q8N4V1,MMGT1,NO,NA
-1.1273,0.012923553,Q8N5C6,SRBD1,DOWN,NA
-3.6305,0.1318709,Q8N5F7,NKAP,NO,NA
1.135933333,0.258574762,Q8N5K1,CISD2,NO,NA
0.416,0.726116254,Q8N5M9,JAGN1,NO,NA
2.781,0.000172971,Q8N5N7,MRPL50,UP,NA
0.6231,0.271064417,Q8N684,CPSF7,NO,NA
0.121133333,0.918600519,Q8N726,CDKN2A,NO,NA
2.7002,0.00963174,Q8N766,EMC1,UP,NA
0.6161,0.186688035,Q8N7H5,PAF1,NO,NA
-0.857433333,0.241734933,Q8N8A6,DDX51,NO,NA
-0.860633333,0.23458593,Q8N983,MRPL43,NO,NA
-1.851066667,0.355151649,Q8NAV1,PRPF38A,NO,NA
1.001366667,0.248271419,Q8NB78,KDM1B,NO,NA
2.635933333,0.029854765,Q8NBJ5,COLGALT1,UP,NA
5.306633333,2.23E-05,Q8NBJ7,SUMF2,UP,NA
3.600633333,0.000944258,Q8NBM8,PCYOX1L,UP,NA
2.572333333,0.000564274,Q8NBN7,RDH13,UP,NA
0.4096,0.486525205,Q8NBQ5,HSD17B11,NO,NA
2.597533333,0.000469333,Q8NBS9,TXNDC5,UP,NA
2.784466667,0.201005251,Q8NBU5,ATAD1,NO,NA
2.9908,0.090044653,Q8NBX0,SCCPDH,NO,NA
-0.331966667,0.46362801,Q8NC51,SERBP1,NO,NA
-0.4647,0.436777253,Q8NC56,LEMD2,NO,NA
2.540066667,0.007733914,Q8NCC3,PLA2G15,UP,NA
1.250466667,0.249904398,Q8NCN5,PDPR,NO,NA
1.521766667,0.146555154,Q8NCW5,NAXE,NO,NA
-1.298033333,0.57303518,Q8ND82,ZNF280C,NO,NA
1.091666667,0.214310029,Q8NDI1,EHBP1,NO,NA
-0.590533333,0.737000173,Q8NDV3,SMC1B,NO,NA
2.962766667,0.037204039,Q8NE62,CHDH,UP,NA
-1.288233333,0.030969513,Q8NEJ9,NGDN,DOWN,NA
0.4875,0.643542582,Q8NEY8,PPHLN1,NO,NA
1.2015,0.278705901,Q8NF37,LPCAT1,NO,NA
-1.786133333,0.11200903,Q8NFD5,ARID1B,NO,NA
3.125133333,0.002250127,Q8NFF5,FLAD1,UP,NA
3.5175,0.030846889,Q8NFH3,NUP43,UP,NA
2.385266667,0.000661202,Q8NFH4,NUP37,UP,NA
0.557,0.738378092,Q8NFH5,NUP35,NO,NA
3.1802,0.003373446,Q8NFQ8,TOR1AIP2,UP,NA
1.438766667,0.001781328,Q8NFV4,ABHD11,UP,NA
0.1052,0.954425751,Q8NFW8,CMAS,NO,NA
2.927833333,0.023006779,Q8NFZ8,CADM4,UP,NA
2.332433333,0.030540994,Q8NHH9,ATL2,UP,NA
2.349666667,0.118211072,Q8NHP8,PLBD2,NO,NA
-0.763666667,0.240974076,Q8NI27,THOC2,NO,NA
-0.694066667,0.671032339,Q8NI35,PATJ,NO,NA
-0.2853,0.407397509,Q8NI36,WDR36,NO,NA
1.052366667,0.299766808,Q8NI60,COQ8A,NO,NA
3.778666667,0.065439369,Q8TAA5,GRPEL2,NO,NA
-0.643566667,0.717204157,Q8TAE8,GADD45GIP1,NO,NA
-0.1765,0.735820767,Q8TAQ2,SMARCC2,NO,NA
1.4014,0.341032594,Q8TAT6,NPLOC4,NO,NA
1.324433333,0.112976907,Q8TB37,NUBPL,NO,NA
4.131466667,0.063806687,Q8TBA6,GOLGA5,NO,NA
1.702766667,0.055043435,Q8TBQ9,TMEM167A,NO,NA
0.677033333,0.438222437,Q8TC12,RDH11,NO,NA
0.580966667,0.022314189,Q8TCS8,PNPT1,NO,NA
2.267566667,0.100517141,Q8TCT8,SPPL2A,NO,NA
4.472966667,0.027832974,Q8TCT9,HM13,UP,NA
-1.1224,0.282859579,Q8TDD1,DDX54,NO,NA
-0.7918,0.286459031,Q8TDN6,BRIX1,NO,NA
0.124333333,0.83499907,Q8TED0,UTP15,NO,NA
2.0659,0.126792599,Q8TEM1,NUP210,NO,NA
1.283933333,0.062081837,Q8TEX9,IPO4,NO,NA
-0.506433333,0.595060788,Q8TF76,HASPIN,NO,NA
-0.723966667,0.155867855,Q8WTT2,NOC3L,NO,NA
6.406133333,0.000960846,Q8WTV0,SCARB1,UP,NA
1.910366667,0.00487707,Q8WU76,SCFD2,UP,NA
1.604666667,0.303413001,Q8WUA2,PPIL4,NO,NA
1.909866667,0.281202114,Q8WUA4,GTF3C2,NO,NA
2.4283,0.001283801,Q8WUM0,NUP133,UP,NA
0.1756,0.674695662,Q8WUM4,PDCD6IP,NO,NA
1.3864,0.511522921,Q8WVM0,TFB1M,NO,NA
0.841866667,0.349196903,Q8WVM7,STAG1,NO,NA
2.3396,0.000110508,Q8WVM8,SCFD1,UP,NA
2.086166667,0.085296207,Q8WWB7,GLMP,NO,NA
0.5796,0.581793786,Q8WWC4,MAIP1,NO,NA
1.2116,0.156082496,Q8WWI5,SLC44A1,NO,NA
-2.2986,0.208965552,Q8WWQ0,PHIP,NO,NA
-0.062566667,0.948333461,Q8WWY3,PRPF31,NO,NA
-1.2447,0.297228317,Q8WX93,PALLD,NO,NA
0.294533333,0.815971141,Q8WXA9,SREK1,NO,NA
0.8641,0.141094387,Q8WXF1,PSPC1,NO,NA
3.222433333,0.089013617,Q8WY22,BRI3BP,NO,NA
1.5287,0.069679982,Q8WYA6,CTNNBL1,NO,NA
-0.434366667,0.441281261,Q8WYP5,AHCTF1,NO,NA
2.3742,0.005296348,Q92485,SMPDL3B,UP,NA
0.771166667,0.08340618,Q92499,DDX1,NO,NA
0.6253,0.25691564,Q92504,SLC39A7,NO,NA
-1.2003,0.038555802,Q92522,H1FX,DOWN,NA
2.906833333,5.93E-05,Q92542,NCSTN,UP,NA
1.597633333,2.72E-05,Q92552,MRPS27,UP,NA
-0.512933333,0.347043537,Q92572,AP3S1,NO,NA
0.450166667,0.700440438,Q92575,UBXN4,NO,NA
-0.851166667,0.482914864,Q92576,PHF3,NO,NA
0.492233333,0.370068252,Q92598,HSPH1,NO,NA
0.395366667,0.35246301,Q92616,GCN1,NO,NA
0.961433333,0.058176904,Q92621,NUP205,NO,NA
2.4597,0.044400296,Q92626,PXDN,UP,NA
0.356333333,0.518476327,Q92643,PIGK,NO,NA
0.513666667,0.33801708,Q92665,MRPS31,NO,NA
2.4964,0.129948974,Q92667,AKAP1,NO,NA
0.8823,0.374719886,Q92688,ANP32B,NO,NA
6.2125,0.023444802,Q92692,NECTIN2,UP,NA
0.073733333,0.821534727,Q92747,ARPC1A,NO,NA
1.2317,0.01602564,Q92769,HDAC2,UP,NA
-0.463633333,0.258212673,Q92785,DPF2,NO,NA
5.268766667,5.25E-06,Q92791,P3H4,UP,NA
0.406133333,0.282806116,Q92797,SYMPK,NO,NA
1.398833333,0.013075497,Q92804,TAF15,UP,NA
4.622466667,0.000722685,Q92820,GGH,UP,NA
4.471533333,0.001187032,Q92823,NRCAM,UP,NA
-0.016366667,0.913117734,Q92841,DDX17,NO,NA
2.9318,0.015801791,Q92859,NEO1,UP,NA
-0.028266667,0.907969092,Q92878,RAD50,NO,NA
0.881366667,0.004152753,Q92879,CELF1,NO,NA
2.838666667,0.192138557,Q92896,GLG1,NO,NA
0.179633333,0.925607159,Q92900,UPF1,NO,NA
-0.080566667,0.792849752,Q92922,SMARCC1,NO,NA
-0.257,0.660517625,Q92925,SMARCD2,NO,NA
0.0438,0.981477184,Q92930,RAB8B,NO,NA
0.216633333,0.493327091,Q92945,KHSRP,NO,NA
1.6977,0.018164787,Q92947,GCDH,UP,NA
2.472666667,0.000882426,Q92973,TNPO1,UP,NA
-0.6637,0.575386358,Q92974,ARHGEF2,NO,NA
0.155166667,0.423261173,Q92979,EMG1,NO,NA
1.669866667,0.019904279,Q93009,USP7,UP,NA
2.8189,0.051875637,Q93050,ATP6V0A1,NO,NA
1.4105,0.387137859,Q93070,ART4,NO,NA
-0.240733333,0.808796894,Q969G3,SMARCE1,NO,NA
4.264333333,0.016852984,Q969H8,MYDGF,UP,NA
0.932033333,0.069807291,Q969M3,YIPF5,NO,NA
3.974966667,0.002849664,Q969N2,PIGT,UP,NA
-1.006166667,0.033411724,Q969Q0,RPL36AL,DOWN,NA
1.913233333,0.037293892,Q969S9,GFM2,UP,NA
2.199533333,0.186803336,Q969V3,NCLN,NO,NA
-0.221266667,0.768403204,Q969X6,UTP4,NO,NA
2.8313,0.028726452,Q969Y2,GTPBP3,UP,NA
1.656233333,0.01951188,Q969Z0,TBRG4,UP,NA
1.705733333,0.015361164,Q96A26,FAM162A,UP,NA
1.840066667,0.092118322,Q96A33,CCDC47,NO,NA
0.820033333,0.672840633,Q96A35,MRPL24,NO,NA
0.966133333,0.048842688,Q96AB3,ISOC2,NO,NA
0.3964,0.48696669,Q96AE4,FUBP1,NO,NA
2.916266667,0.002909729,Q96AE7,TTC17,UP,NA
1.359366667,0.197483654,Q96AG4,LRRC59,NO,NA
2.9834,0.001246669,Q96AY3,FKBP10,UP,NA
2.157866667,0.223938046,Q96B26,EXOSC8,NO,NA
2.315266667,0.121838856,Q96BM9,ARL8A,NO,NA
0.112233333,0.891837768,Q96BP3,PPWD1,NO,NA
2.1788,0.003709795,Q96BR5,COA7,UP,NA
3.1272,0.02554228,Q96BW9,TAMM41,UP,NA
2.5888,0.008814813,Q96C01,FAM136A,UP,NA
0.822633333,0.006577333,Q96C36,PYCR2,NO,NA
0.059866667,0.939155742,Q96C92,SDCCAG3,NO,NA
1.1862,0.345954701,Q96CN7,ISOC1,NO,NA
1.109533333,0.199852463,Q96CS3,FAF2,NO,NA
0.522466667,0.667720263,Q96CU9,FOXRED1,NO,NA
0.4724,0.749875687,Q96CW1,AP2M1,NO,NA
2.4148,0.017164117,Q96D71,REPS1,UP,NA
0.755533333,0.040304639,Q96DA6,DNAJC19,NO,NA
2.829966667,0.001419231,Q96DB5,RMDN1,UP,NA
-0.247666667,0.311007981,Q96DI7,SNRNP40,NO,NA
1.0164,0.579018263,Q96DV4,MRPL38,NO,NA
4.026266667,0.002091141,Q96DZ1,ERLEC1,UP,NA
0.242466667,0.568506103,Q96E11,MRRF,NO,NA
0.599466667,0.045259202,Q96EE3,SEH1L,NO,NA
1.550666667,0.191144284,Q96EL2,MRPS24,NO,NA
0.899266667,0.039510538,Q96EL3,MRPL53,NO,NA
-0.360066667,0.445553396,Q96EP5,DAZAP1,NO,NA
3.4466,0.029274789,Q96ER9,CCDC51,UP,NA
1.013566667,0.246087441,Q96ES7,SGF29,NO,NA
1.133133333,0.067798962,Q96EY1,DNAJA3,NO,NA
1.430633333,0.00647596,Q96EY7,PTCD3,UP,NA
0.704833333,0.073975607,Q96EY8,MMAB,NO,NA
2.3721,0.024586857,Q96F46,IL17RA,UP,NA
0.780266667,0.316976874,Q96FV9,THOC1,NO,NA
-0.3219,0.719378235,Q96G03,PGM2,NO,NA
-1.436633333,0.468300051,Q96G21,IMP4,NO,NA
1.901566667,0.407408874,Q96G23,CERS2,NO,NA
1.402166667,0.014535155,Q96GC5,MRPL48,UP,NA
-0.467566667,0.462875235,Q96GD4,AURKB,NO,NA
0.062933333,0.8829788,Q96GQ7,DDX27,NO,NA
3.769466667,7.54E-06,Q96HE7,ERO1A,UP,NA
2.217433333,0.313557549,Q96HJ9,FMC1,NO,NA
1.5095,0.044561175,Q96HR9,REEP6,UP,NA
1.524633333,0.008762636,Q96HS1,PGAM5,UP,NA
2.3891,0.052808842,Q96HY6,DDRGK1,NO,NA
-0.229733333,0.541094106,Q96I24,FUBP3,NO,NA
-1.2336,0.344775886,Q96I25,RBM17,NO,NA
0.478566667,0.447624606,Q96I59,NARS2,NO,NA
1.225533333,0.173424981,Q96I99,SUCLG2,NO,NA
3.4245,0.026000009,Q96J42,TXNDC15,UP,NA
2.7789,4.23E-05,Q96JB5,CDK5RAP3,UP,NA
3.081233333,0.030031386,Q96JJ7,TMX3,UP,NA
0.528366667,0.727110797,Q96JM3,CHAMP1,NO,NA
2.372466667,0.037261643,Q96KA5,CLPTM1L,UP,NA
-0.777866667,0.095235989,Q96KR1,ZFR,NO,NA
-0.195666667,0.909704772,Q96ME7,ZNF512,NO,NA
-0.666133333,0.317827508,Q96MU7,YTHDC1,NO,NA
1.023866667,0.463566399,Q96N66,MBOAT7,NO,NA
4.050566667,0.000732171,Q96NT0,CCDC115,UP,NA
0.872166667,0.00918362,Q96NX9,DACH2,NO,NA
-0.477966667,0.182305991,Q96PK6,RBM14,NO,NA
0.585766667,0.617506022,Q96PU8,QKI,NO,NA
0.932633333,0.424109665,Q96Q11,TRNT1,NO,NA
-0.674,0.464940084,Q96QC0,PPP1R10,NO,NA
3.876933333,0.00877654,Q96QD8,SLC38A2,UP,NA
-0.091933333,0.961746475,Q96QD9,FYTTD1,NO,NA
2.9893,0.001259974,Q96QK1,VPS35,UP,NA
-1.3952,0.028872689,Q96RP9,GFM1,DOWN,NA
-0.818233333,0.062846795,Q96RQ3,MCCC1,NO,NA
4.687233333,0.019521207,Q96S52,PIGS,UP,NA
0.247933333,0.672710866,Q96SI9,STRBP,NO,NA
-0.237166667,0.837515859,Q96ST2,IWS1,NO,NA
-1.020566667,0.526206154,Q96ST3,SIN3A,NO,NA
3.4811,0.00039069,Q96SU4,OSBPL9,UP,NA
1.232533333,0.010625486,Q96SY0,INTS14,UP,NA
-0.866133333,0.191992209,Q96T23,RSF1,NO,NA
-0.492066667,0.127527556,Q96T37,RBM15,NO,NA
-2.3859,0.004251156,Q96T58,SPEN,DOWN,NA
-0.8267,0.164898988,Q96T88,UHRF1,NO,NA
2.1285,0.06040534,Q96TA2,YME1L1,NO,NA
2.904966667,0.042894327,Q96TC7,RMDN3,UP,NA
0.526866667,0.740511692,Q99442,SEC62,NO,NA
-0.1669,0.418196714,Q99459,CDC5L,NO,NA
2.062866667,0.249068585,Q99460,PSMD1,NO,NA
2.437366667,3.32E-05,Q99470,SDF2,UP,NA
0.544933333,0.464597211,Q99496,RNF2,NO,NA
0.862566667,0.346972508,Q99519,NEU1,NO,NA
2.436166667,0.004720157,Q99536,VAT1,UP,NA
4.519366667,0.01026427,Q99538,LGMN,UP,NA
0.359966667,0.728823387,Q99549,MPHOSPH8,NO,NA
1.4868,0.023452864,Q99567,NUP88,UP,NA
-1.585566667,0.032338685,Q99590,SCAF11,DOWN,NA
0.594333333,0.0089895,Q99623,PHB2,NO,NA
3.428733333,3.96E-05,Q99653,CHP1,UP,NA
0.966733333,0.149793644,Q99714,HSD17B10,NO,NA
2.659333333,0.003461702,Q99720,SIGMAR1,UP,NA
-0.296033333,0.164781795,Q99729,HNRNPAB,NO,NA
0.403666667,0.40745517,Q99733,NAP1L4,NO,NA
-1.973533333,0.228800552,Q99747,NAPG,NO,NA
2.247766667,0.175011863,Q99797,MIPEP,NO,NA
0.993933333,0.003132098,Q99798,ACO2,NO,NA
1.8175,0.083199383,Q99808,SLC29A1,NO,NA
1.778466667,0.144806869,Q99829,CPNE1,NO,NA
0.475966667,0.334211429,Q99832,CCT7,NO,NA
-1.017166667,0.069983782,Q99848,EBNA1BP2,NO,NA
2.266066667,0.194917081,Q99873,PRMT1,NO,NA
0.981933333,0.004493159,Q99986,VRK1,NO,NA
0.556966667,0.421847679,Q9BPW8,NIPSNAP1,NO,NA
0.468133333,0.489073219,Q9BPX3,NCAPG,NO,NA
-0.630433333,0.332958778,Q9BQ39,DDX50,NO,NA
0.424333333,0.637809668,Q9BQ52,ELAC2,NO,NA
-1.3142,0.324083923,Q9BQ67,GRWD1,NO,NA
2.4712,0.259969651,Q9BQ69,MACROD1,NO,NA
0.212,0.78838921,Q9BQ75,CMSS1,NO,NA
2.212833333,0.026460536,Q9BQ95,ECSIT,UP,NA
-0.106133333,0.827847896,Q9BQB6,VKORC1,NO,NA
-0.2349,0.644782816,Q9BQG0,MYBBP1A,NO,NA
1.291466667,0.116703279,Q9BQP7,MGME1,NO,NA
1.694766667,0.266147754,Q9BRA2,TXNDC17,NO,NA
1.012333333,0.025556476,Q9BRJ2,MRPL45,UP,NA
3.8869,0.008805873,Q9BRK5,SDF4,UP,NA
1.039666667,0.078653036,Q9BRP1,PDCD2L,NO,NA
3.210833333,0.073238474,Q9BRQ6,CHCHD6,NO,NA
3.190333333,0.201245883,Q9BRR6,ADPGK,NO,NA
3.452333333,0.018507129,Q9BRT2,UQCC2,UP,NA
0.609233333,0.691204593,Q9BRT6,LLPH,NO,NA
1.6303,0.168883512,Q9BRX8,FAM213A,NO,NA
2.771933333,0.000401936,Q9BS26,ERP44,UP,NA
-0.433933333,0.61287678,Q9BSC4,NOL10,NO,NA
1.019733333,0.247316624,Q9BSD7,NTPCR,NO,NA
2.8902,0.000676847,Q9BSG0,PRADC1,UP,NA
1.4603,0.331467044,Q9BSH4,TACO1,NO,NA
1.758133333,0.099825839,Q9BSH5,HDHD3,NO,NA
2.1586,0.172887837,Q9BSJ8,ESYT1,NO,NA
2.272233333,0.029792918,Q9BT09,CNPY3,UP,NA
1.063933333,0.13881478,Q9BT17,MTG1,NO,NA
2.004066667,0.188406025,Q9BT78,COPS4,NO,NA
-0.8902,0.094684357,Q9BTC0,DIDO1,NO,NA
0.3938,0.472890783,Q9BTD8,RBM42,NO,NA
1.4502,0.287848554,Q9BTT6,LRRC1,NO,NA
2.4988,0.020075905,Q9BTU6,PI4K2A,UP,NA
2.053733333,0.22343809,Q9BTV4,TMEM43,NO,NA
3.611766667,0.017523862,Q9BTY2,FUCA2,UP,NA
-0.870166667,0.051754297,Q9BU76,MMTAG2,NO,NA
0.8444,0.081679455,Q9BUJ2,HNRNPUL1,NO,NA
1.404533333,0.063469153,Q9BUN8,DERL1,NO,NA
-0.607733333,0.239290414,Q9BUQ8,DDX23,NO,NA
2.902366667,0.002448034,Q9BUR5,APOO,UP,NA
0.824,0.040706763,Q9BV38,WDR18,NO,NA
-1.438366667,0.23078078,Q9BV81,EMC6,NO,NA
2.144533333,0.01663924,Q9BV86,NTMT1,UP,NA
-0.663766667,0.666497559,Q9BVC6,TMEM109,NO,NA
0.138266667,0.808589261,Q9BVI4,NOC4L,NO,NA
-0.853066667,0.130597488,Q9BVJ6,UTP14A,NO,NA
1.4375,0.034982152,Q9BVK6,TMED9,UP,NA
0.029933333,0.857268506,Q9BVL2,NUP58,NO,NA
-0.255766667,0.548715056,Q9BVP2,GNL3,NO,NA
1.6684,0.028029112,Q9BW27,NUP85,UP,NA
0.394566667,0.459354441,Q9BW60,ELOVL1,NO,NA
0.492433333,0.588609689,Q9BW72,HIGD2A,NO,NA
1.736733333,0.028809832,Q9BW92,TARS2,UP,NA
1.487466667,0.075625387,Q9BWD1,ACAT2,NO,NA
-0.226533333,0.543335277,Q9BWF3,RBM4,NO,NA
0.737666667,0.352965455,Q9BWH2,FUNDC2,NO,NA
2.637,0.003352462,Q9BWS9,CHID1,UP,NA
4.1178,0.001235568,Q9BX67,JAM3,UP,NA
-0.323133333,0.113895392,Q9BX68,HINT2,NO,NA
0.954366667,0.011870866,Q9BX74,TM2D1,NO,NA
-2.5929,0.033142288,Q9BXB4,OSBPL11,DOWN,NA
5.445766667,1.22E-05,Q9BXK5,BCL2L13,UP,NA
0.247166667,0.049347323,Q9BXP5,SRRT,NO,NA
2.651766667,0.0003756,Q9BXT2,CACNG6,UP,NA
0.883666667,0.008074716,Q9BXW7,HDHD5,NO,NA
-0.289333333,0.521037334,Q9BXY0,MAK16,NO,NA
2.240533333,0.002052391,Q9BY67,CADM1,UP,NA
0.226633333,0.256027936,Q9BY77,POLDIP3,NO,NA
-1.148133333,0.452892599,Q9BYC9,MRPL20,NO,NA
0.9403,0.311723715,Q9BYD1,MRPL13,NO,NA
-0.263633333,0.630583022,Q9BYD2,MRPL9,NO,NA
0.690666667,0.273504214,Q9BYD3,MRPL4,NO,NA
2.185566667,0.233859768,Q9BYD6,MRPL1,NO,NA
-0.459133333,0.28948292,Q9BYG3,NIFK,NO,NA
3.469066667,0.06997029,Q9BYN8,MRPS26,NO,NA
2.013566667,0.118637807,Q9BYT8,NLN,NO,NA
0.376733333,0.459892614,Q9BZE1,MRPL37,NO,NA
-0.8053,0.131725175,Q9BZE4,GTPBP4,NO,NA
0.417066667,0.28355663,Q9BZJ0,CRNKL1,NO,NA
3.992233333,0.003931399,Q9BZQ6,EDEM3,UP,NA
0.691966667,0.030568518,Q9BZZ5,API5,NO,NA
2.5146,0.00421233,Q9C037,TRIM4,UP,NA
1.100366667,0.070945747,Q9C0B1,FTO,NO,NA
2.0595,0.093032886,Q9C0D9,SELENOI,NO,NA
2.129066667,0.165398708,Q9C0E8,LNPK,NO,NA
3.863633333,0.00218261,Q9C0H2,TTYH3,UP,NA
-0.7056,0.012994066,Q9C0J8,WDR33,NO,NA
0.871766667,0.112027066,Q9GZL7,WDR12,NO,NA
-0.5699,0.366342253,Q9GZR2,REXO4,NO,NA
0.197466667,0.787851984,Q9GZR5,ELOVL4,NO,NA
-0.450466667,0.389827128,Q9GZR7,DDX24,NO,NA
-1.065633333,0.449675894,Q9GZS1,POLR1E,NO,NA
-0.993566667,0.211075174,Q9GZT3,SLIRP,NO,NA
1.167333333,0.189394034,Q9GZX9,TWSG1,NO,NA
2.231566667,0.000471337,Q9H078,CLPB,UP,NA
3.5417,0.001992326,Q9H082,RAB33B,UP,NA
2.3107,0.124345561,Q9H089,LSG1,NO,NA
-0.465,0.394596141,Q9H0A0,NAT10,NO,NA
-0.1042,0.818389913,Q9H0D6,XRN2,NO,NA
0.806066667,0.311471806,Q9H0E2,TOLLIP,NO,NA
-0.1054,0.944612919,Q9H0H5,RACGAP1,NO,NA
2.066366667,0.053358197,Q9H0P0,NT5C3A,NO,NA
3.005466667,0.130986502,Q9H0R6,QRSL1,NO,NA
-0.187666667,0.627825926,Q9H0S4,DDX47,NO,NA
1.950566667,0.059599324,Q9H0U4,RAB1B,NO,NA
2.246866667,0.231510543,Q9H0U6,MRPL18,NO,NA
0.1608,0.860450342,Q9H0U9,TSPYL1,NO,NA
4.3122,1.80E-05,Q9H173,SIL1,UP,NA
1.738166667,0.369077467,Q9H1A4,ANAPC1,NO,NA
-0.3806,0.703827789,Q9H2H8,PPIL3,NO,NA
2.290733333,0.07115386,Q9H2H9,SLC38A1,NO,NA
-0.354333333,0.591850352,Q9H2P0,ADNP,NO,NA
-0.780166667,0.485768455,Q9H2U1,DHX36,NO,NA
2.553166667,0.010499123,Q9H2U2,PPA2,UP,NA
0.449266667,0.667243706,Q9H2V7,SPNS1,NO,NA
1.161466667,0.03847768,Q9H2W6,MRPL46,UP,NA
-1.3187,0.137874351,Q9H307,PNN,NO,NA
1.735633333,0.316458176,Q9H330,TMEM245,NO,NA
4.640833333,0.000175443,Q9H3G5,CPVL,UP,NA
0.708833333,0.483802455,Q9H3H5,DPAGT1,NO,NA
0.709833333,0.224411741,Q9H3K2,GHITM,NO,NA
1.293,0.638509962,Q9H3N1,TMX1,NO,NA
0.040533333,0.968615938,Q9H3Z4,DNAJC5,NO,NA
6.140833333,0.047816797,Q9H488,POFUT1,UP,NA
-0.027333333,0.97631941,Q9H490,PIGU,NO,NA
5.4152,0.002136534,Q9H497,TOR3A,UP,NA
-0.0685,0.87993277,Q9H4L4,SENP3,NO,NA
-1.043466667,0.072330135,Q9H501,ESF1,NO,NA
-1.081733333,0.113712575,Q9H582,ZNF644,NO,NA
0.414866667,0.476941291,Q9H583,HEATR1,NO,NA
4.7737,0.001639909,Q9H5K3,POMK,UP,NA
-0.8633,0.689389614,Q9H5V9,CXorf56,NO,NA
3.932566667,0.000344831,Q9H6E4,CCDC134,UP,NA
-0.9611,0.055573435,Q9H6F5,CCDC86,NO,NA
0.2642,0.6134952,Q9H6R4,NOL6,NO,NA
4.785933333,9.11E-06,Q9H6Y7,RNF167,UP,NA
-0.4656,0.424955237,Q9H7B2,RPF2,NO,NA
-1.237466667,0.160172278,Q9H7N4,SCAF1,NO,NA
3.055166667,0.039627376,Q9H7Z7,PTGES2,UP,NA
2.017366667,0.400574598,Q9H845,ACAD9,NO,NA
1.111566667,0.297365325,Q9H857,NT5DC2,NO,NA
1.548766667,0.166974646,Q9H8H0,NOL11,NO,NA
-2.0996,0.140369928,Q9H8H2,DDX31,NO,NA
4.887866667,0.009045691,Q9H8Y8,GORASP2,UP,NA
1.444833333,0.202638598,Q9H936,SLC25A22,NO,NA
1.068433333,0.055604239,Q9H9B4,SFXN1,NO,NA
1.136966667,0.001023322,Q9H9J2,MRPL44,UP,NA
-1.824133333,0.29505818,Q9H9L3,ISG20L2,NO,NA
-0.378733333,0.730702882,Q9H9Y2,RPF1,NO,NA
0.6194,0.047770288,Q9H9Y6,POLR1B,NO,NA
2.2847,0.184930921,Q9HAB3,SLC52A2,NO,NA
1.294433333,0.113922977,Q9HAT2,SIAE,NO,NA
1.2452,0.240521852,Q9HAV0,GNB4,NO,NA
3.292366667,0.039702062,Q9HAV4,XPO5,UP,NA
0.283633333,0.524680999,Q9HAV7,GRPEL1,NO,NA
0.1595,0.649941973,Q9HB71,CACYBP,NO,NA
1.5687,0.02050376,Q9HB90,RRAGC,UP,NA
0.4244,0.774101053,Q9HC36,MRM3,NO,NA
0.4716,0.655451024,Q9HC56,PCDH9,NO,NA
1.322133333,0.066834813,Q9HCC0,MCCC2,NO,NA
-1.132,0.019321529,Q9HCD5,NCOA5,DOWN,NA
0.224,0.71201935,Q9HCE1,MOV10,NO,NA
0.2521,0.434240035,Q9HCG8,CWC22,NO,NA
0.227533333,0.947037022,Q9HCM1,KIAA1551,NO,NA
3.794066667,0.007822035,Q9HCN8,SDF2L1,UP,NA
0.138,0.860252475,Q9HCS7,XAB2,NO,NA
3.861533333,0.000442206,Q9HCU4,CELSR2,UP,NA
-0.543433333,0.411926021,Q9HD33,MRPL47,NO,NA
3.1405,0.004432904,Q9HD45,TM9SF3,UP,NA
2.827466667,0.000697433,Q9HDC9,APMAP,UP,NA
0.5214,0.012366762,Q9NNW7,TXNRD2,NO,NA
1.620433333,0.027572199,Q9NP66,HMG20A,UP,NA
2.219866667,0.087748155,Q9NP72,RAB18,NO,NA
0.155466667,0.686095906,Q9NP81,SARS2,NO,NA
-0.459466667,0.59595751,Q9NP92,MRPS30,NO,NA
2.3434,0.188872521,Q9NPA0,EMC7,NO,NA
0.401866667,0.676901679,Q9NPA8,ENY2,NO,NA
0.860833333,0.159476965,Q9NPD3,EXOSC4,NO,NA
-0.502133333,0.419409701,Q9NPE3,NOP10,NO,NA
3.148866667,0.054008572,Q9NPF0,CD320,NO,NA
0.608133333,0.536221996,Q9NPH0,ACP6,NO,NA
0.391733333,0.471455955,Q9NPJ3,ACOT13,NO,NA
1.5834,0.262428408,Q9NPJ8,NXT2,NO,NA
1.871433333,0.087867043,Q9NPL8,TIMMDC1,NO,NA
-0.591566667,0.367066561,Q9NQ55,PPAN,NO,NA
1.788333333,0.018935051,Q9NQC3,RTN4,UP,NA
3.452033333,0.013128642,Q9NQE9,HINT3,UP,NA
-0.321466667,0.555171411,Q9NQG1,MANBAL,NO,NA
0.719933333,0.698240019,Q9NQG5,RPRD1B,NO,NA
0.427933333,0.459847323,Q9NQH7,XPNPEP3,NO,NA
-2.089966667,0.117589347,Q9NQS7,INCENP,NO,NA
0.9251,0.047821995,Q9NQT4,EXOSC5,NO,NA
-0.255766667,0.650356094,Q9NQT5,EXOSC3,NO,NA
-0.781566667,0.260512831,Q9NQZ2,UTP3,NO,NA
1.702133333,0.00100122,Q9NR28,DIABLO,UP,NA
-0.461366667,0.174612309,Q9NR30,DDX21,NO,NA
1.517166667,0.008020589,Q9NR31,SAR1A,UP,NA
-0.246533333,0.505131489,Q9NRG0,CHRAC1,NO,NA
1.850633333,0.000373992,Q9NRG7,SDR39U1,UP,NA
1.1553,0.114892596,Q9NRG9,AAAS,NO,NA
-0.680166667,0.234946125,Q9NRL2,BAZ1A,NO,NA
4.595166667,0.08166059,Q9NRP0,OSTC,NO,NA
2.3599,0.177958909,Q9NRR5,UBQLN4,NO,NA
-0.069866667,0.885289782,Q9NRX1,PNO1,NO,NA
-0.005366667,0.977713464,Q9NRX2,MRPL17,NO,NA
0.9311,0.104031064,Q9NRY5,FAM114A2,NO,NA
0.099866667,0.920646778,Q9NS69,TOMM22,NO,NA
2.037333333,0.227725098,Q9NSD9,FARSB,NO,NA
0.5415,0.10832108,Q9NSE4,IARS2,NO,NA
-0.066966667,0.945070914,Q9NTI5,PDS5B,NO,NA
0.5898,0.692935333,Q9NTJ5,SACM1L,NO,NA
0.114766667,0.872369209,Q9NTK5,OLA1,NO,NA
-0.889966667,0.559986745,Q9NU22,MDN1,NO,NA
1.655766667,0.003961064,Q9NUJ1,ABHD10,UP,NA
2.157633333,0.03043938,Q9NUN5,LMBRD1,UP,NA
2.3772,0.040085822,Q9NUP9,LIN7C,UP,NA
2.951633333,0.012251563,Q9NUQ7,UFSP2,UP,NA
0.183433333,0.852117522,Q9NUQ9,FAM49B,NO,NA
-0.098866667,0.826144569,Q9NV31,IMP3,NO,NA
2.4499,0.098015968,Q9NV96,TMEM30A,NO,NA
2.1389,0.011699173,Q9NVA2,11-Sep,UP,NA
1.9173,0.247341025,Q9NVH1,DNAJC11,NO,NA
1.851866667,0.001430203,Q9NVI7,ATAD3A,UP,NA
3.619133333,0.08141063,Q9NVJ2,ARL8B,NO,NA
-0.278933333,0.457590349,Q9NVP1,DDX18,NO,NA
0.340233333,0.58996677,Q9NVS2,MRPS18A,NO,NA
3.590966667,0.013581262,Q9NVT9,ARMC1,UP,NA
-1.0568,0.111169986,Q9NVU7,SDAD1,NO,NA
-0.092833333,0.880370559,Q9NVV4,MTPAP,NO,NA
-0.673466667,0.327386118,Q9NW13,RBM28,NO,NA
-0.656433333,0.353253083,Q9NW64,RBM22,NO,NA
-2.351866667,0.061252479,Q9NWH9,SLTM,NO,NA
3.771,0.001257517,Q9NWM8,FKBP14,UP,NA
-0.452066667,0.376288195,Q9NWT1,PAK1IP1,NO,NA
0.6407,0.403434477,Q9NWU5,MRPL22,NO,NA
0.2096,0.632793495,Q9NX14,NDUFB11,NO,NA
-0.858866667,0.31256545,Q9NX20,MRPL16,NO,NA
2.432533333,0.04715311,Q9NX24,NHP2,UP,NA
1.9976,0.083370099,Q9NX40,OCIAD1,NO,NA
-1.0494,0.134047261,Q9NX58,LYAR,NO,NA
1.321366667,0.073046368,Q9NX62,IMPAD1,NO,NA
2.010766667,0.000129732,Q9NX63,CHCHD3,UP,NA
1.287433333,0.177739303,Q9NXF1,TEX10,NO,NA
0.893266667,0.13427967,Q9NXH9,TRMT1,NO,NA
-1.0903,0.009276811,Q9NY12,GAR1,DOWN,NA
0.133,0.801618839,Q9NY61,AATF,NO,NA
-0.390133333,0.402647144,Q9NY93,DDX56,NO,NA
-1.301033333,0.009859378,Q9NYF8,BCLAF1,DOWN,NA
0.831533333,0.183786497,Q9NYH9,UTP6,NO,NA
1.2768,0.005391819,Q9NYK5,MRPL39,UP,NA
0.098233333,0.873678588,Q9NYP7,ELOVL5,NO,NA
3.322133333,0.000388691,Q9NYU2,UGGT1,UP,NA
-0.454733333,0.747397027,Q9NYY8,FASTKD2,NO,NA
0.363266667,0.805347469,Q9NZ01,TECR,NO,NA
2.449733333,0.004155456,Q9NZ08,ERAP1,UP,NA
2.0641,0.004542527,Q9NZ53,PODXL2,UP,NA
1.2721,0.083953061,Q9NZC3,GDE1,NO,NA
-2.548066667,0.010978355,Q9NZE8,MRPL35,DOWN,NA
0.872533333,0.043079614,Q9NZI8,IGF2BP1,NO,NA
0.395666667,0.845823197,Q9NZJ7,MTCH1,NO,NA
-1.1154,0.08786386,Q9NZM5,NOP53,NO,NA
2.598566667,0.147902496,Q9NZW5,MPP6,NO,NA
-0.3589,0.52052546,Q9P015,MRPL15,NO,NA
1.470933333,0.073292197,Q9P032,NDUFAF4,NO,NA
1.731466667,0.137824275,Q9P035,HACD3,NO,NA
1.607066667,0.001419881,Q9P0J0,NDUFA13,UP,NA
0.855066667,0.195807515,Q9P0K7,RAI14,NO,NA
1.196533333,0.366844677,Q9P0L0,VAPA,NO,NA
-0.677966667,0.385901486,Q9P0M6,H2AFY2,NO,NA
0.458766667,0.559623959,Q9P0M9,MRPL27,NO,NA
1.054466667,0.151427113,Q9P0T7,TMEM9,NO,NA
0.593866667,0.239930489,Q9P1Y6,PHRF1,NO,NA
2.511933333,0.146279471,Q9P258,RCC2,NO,NA
0.466,0.602638401,Q9P287,BCCIP,NO,NA
1.5914,0.222538372,Q9P289,STK26,NO,NA
2.018233333,0.031297859,Q9P2B2,PTGFRN,UP,NA
-2.2112,0.02362585,Q9P2E3,ZNFX1,DOWN,NA
0.431766667,0.388595572,Q9P2E9,RRBP1,NO,NA
0.4078,0.116759053,Q9P2I0,CPSF2,NO,NA
1.056833333,0.241848227,Q9P2J5,LARS,NO,NA
1.2892,0.641569357,Q9P2K2,TXNDC16,NO,NA
-0.844866667,0.244725849,Q9P2K5,MYEF2,NO,NA
1.279366667,0.184712566,Q9P2N5,RBM27,NO,NA
-2.777233333,0.003049082,Q9P2P1,NYNRIN,DOWN,NA
0.988,0.041957241,Q9P2R7,SUCLA2,NO,NA
0.2633,0.87291373,Q9UBB9,TFIP11,NO,NA
2.681866667,0.039820768,Q9UBC2,EPS15L1,UP,NA
0.540233333,0.447389976,Q9UBD5,ORC3,NO,NA
0.432,0.325052934,Q9UBE0,SAE1,NO,NA
1.790766667,0.047844741,Q9UBF2,COPG2,UP,NA
0.461166667,0.686874189,Q9UBG0,MRC2,NO,NA
1.1897,0.243638594,Q9UBI6,GNG12,NO,NA
-1.0315,0.428213028,Q9UBM7,DHCR7,NO,NA
1.804866667,0.113706589,Q9UBQ7,GRHPR,NO,NA
3.594133333,0.002725063,Q9UBR2,CTSZ,UP,NA
3.1666,0.000455025,Q9UBS4,DNAJB11,UP,NA
-0.059566667,0.811835725,Q9UBU9,NXF1,NO,NA
2.715633333,0.022624741,Q9UBV2,SEL1L,UP,NA
1.9199,0.129415216,Q9UBX3,SLC25A10,NO,NA
0.901833333,0.10659118,Q9UDR5,AASS,NO,NA
2.437466667,0.00213953,Q9UDW1,UQCR10,UP,NA
1.365566667,0.350785731,Q9UET6,FTSJ1,NO,NA
2.609766667,0.204074864,Q9UEY8,ADD3,NO,NA
2.978233333,0.009229173,Q9UFN0,NIPSNAP3A,UP,NA
1.129266667,0.017817201,Q9UGV2,NDRG3,UP,NA
2.2325,0.123964473,Q9UH99,SUN2,NO,NA
-1.111966667,0.247832377,Q9UHA3,RSL24D1,NO,NA
2.0719,0.040514358,Q9UHB6,LIMA1,UP,NA
2.010833333,0.076629909,Q9UHB9,SRP68,NO,NA
-0.574366667,0.570499971,Q9UHD1,CHORDC1,NO,NA
3.2192,2.66E-06,Q9UHG3,PCYOX1,UP,NA
-0.370533333,0.735100671,Q9UHI6,DDX20,NO,NA
3.695066667,0.002827833,Q9UHI8,ADAMTS1,UP,NA
2.291133333,0.067424376,Q9UHX1,PUF60,NO,NA
1.7954,0.016096982,Q9UI12,ATP6V1H,UP,NA
-1.697866667,0.081916404,Q9UIF9,BAZ2A,NO,NA
-0.873433333,0.163772129,Q9UIG0,BAZ1B,NO,NA
0.182633333,0.712463391,Q9UII2,ATP5IF1,NO,NA
3.4165,0.270533317,Q9UIJ7,AK3,NO,NA
1.856966667,0.0185226,Q9UIW2,PLXNA1,UP,NA
3.1268,0.00959742,Q9UJ83,HACL1,UP,NA
2.7754,0.021284883,Q9UJS0,SLC25A13,UP,NA
1.7756,0.346235799,Q9UJV9,DDX41,NO,NA
0.0632,0.870798248,Q9UJX3,ANAPC7,NO,NA
1.8354,0.007451246,Q9UJZ1,STOML2,UP,NA
-0.237666667,0.854607877,Q9UK61,FAM208A,NO,NA
1.429033333,0.048996104,Q9UK73,FEM1B,UP,NA
0.689166667,0.030740604,Q9UKA9,PTBP2,NO,NA
0.3486,0.450533954,Q9UKD2,MRTO4,NO,NA
2.249966667,0.336404212,Q9UKF6,CPSF3,NO,NA
0.358466667,0.426451421,Q9UKG9,CROT,NO,NA
0.174966667,0.733349963,Q9UKM9,RALY,NO,NA
0.7499,0.575985332,Q9UKN8,GTF3C4,NO,NA
-0.5746,0.117668565,Q9UKV3,ACIN1,NO,NA
-0.128466667,0.763229961,Q9UKX7,NUP50,NO,NA
1.830533333,0.095279219,Q9UL25,RAB21,NO,NA
1.239733333,0.239979943,Q9UL46,PSME2,NO,NA
2.8447,0.0136212,Q9ULF5,SLC39A10,UP,NA
-0.2404,0.79834519,Q9ULT8,HECTD1,NO,NA
0.263233333,0.569051291,Q9ULV4,CORO1C,NO,NA
-0.551166667,0.361901189,Q9ULW0,TPX2,NO,NA
-0.6928,0.701926975,Q9ULW3,ABT1,NO,NA
5.4057,0.000386809,Q9UMR5,PPT2,UP,NA
0.417233333,0.046638309,Q9UMS4,PRPF19,NO,NA
5.743433333,4.90E-05,Q9UMX5,NENF,UP,NA
-0.8772,0.217838826,Q9UMY1,NOL7,NO,NA
0.6909,0.240530567,Q9UN86,G3BP2,NO,NA
0.740833333,0.332431361,Q9UNE7,STUB1,NO,NA
1.683166667,0.096730069,Q9UNK0,STX8,NO,NA
0.252166667,0.926087723,Q9UNL2,SSR3,NO,NA
2.691333333,0.018230363,Q9UNM6,PSMD13,UP,NA
0.0423,0.868205934,Q9UNN8,PROCR,NO,NA
-1.337533333,0.196564608,Q9UNP9,PPIE,NO,NA
2.532566667,0.020670826,Q9UNQ2,DIMT1,UP,NA
0.831266667,0.110018141,Q9UNS2,COPS3,NO,NA
3.794433333,0.000505737,Q9UNW1,MINPP1,UP,NA
0.299,0.684396199,Q9UNX4,WDR3,NO,NA
-0.057766667,0.957096388,Q9UPT8,ZC3H4,NO,NA
-1.6935,0.057070406,Q9UQ35,SRRM2,NO,NA
0.082566667,0.860506625,Q9UQ80,PA2G4,NO,NA
-0.303133333,0.306129512,Q9UQE7,SMC3,NO,NA
0.269166667,0.808704459,Q9UQR0,SCML2,NO,NA
0.426766667,0.419786571,Q9Y221,NIP7,NO,NA
1.325,0.021855529,Q9Y224,RTRAF,UP,NA
0.433166667,0.250200852,Q9Y230,RUVBL2,NO,NA
1.501033333,0.331821151,Q9Y262,EIF3L,NO,NA
0.721666667,0.003336442,Q9Y265,RUVBL1,NO,NA
2.525466667,0.077550353,Q9Y276,BCS1L,NO,NA
1.824233333,0.006540609,Q9Y277,VDAC3,UP,NA
0.0294,0.964408059,Q9Y282,ERGIC3,NO,NA
1.8487,0.018632949,Q9Y287,ITM2B,UP,NA
-0.267933333,0.82708784,Q9Y295,DRG1,NO,NA
3.723366667,4.38E-06,Q9Y2B0,CNPY2,UP,NA
1.8643,0.176135695,Q9Y2E5,MAN2B2,NO,NA
3.7556,0.081242905,Q9Y2G5,POFUT2,NO,NA
2.475966667,0.004275843,Q9Y2I1,NISCH,UP,NA
1.930533333,0.003004447,Q9Y2J2,EPB41L3,UP,NA
0.882833333,0.462287835,Q9Y2K7,KDM2A,NO,NA
0.8161,0.199487514,Q9Y2L1,DIS3,NO,NA
0.235533333,0.734837334,Q9Y2P8,RCL1,NO,NA
0.476333333,0.109332559,Q9Y2Q3,GSTK1,NO,NA
-0.5883,0.42040092,Q9Y2Q9,MRPS28,NO,NA
0.071233333,0.747237007,Q9Y2R0,COA3,NO,NA
0.284266667,0.621954874,Q9Y2R4,DDX52,NO,NA
0.577366667,0.053078994,Q9Y2R5,MRPS17,NO,NA
0.8495,0.017713936,Q9Y2R9,MRPS7,NO,NA
2.357733333,0.051463201,Q9Y2S7,POLDIP2,NO,NA
-2.167633333,0.000833867,Q9Y2W1,THRAP3,DOWN,NA
2.1064,0.004686027,Q9Y2W6,TDRKH,UP,NA
-0.1526,0.689003921,Q9Y2X3,NOP58,NO,NA
0.825266667,0.379929561,Q9Y2X9,ZNF281,NO,NA
1.565766667,0.084106155,Q9Y2Z4,YARS2,NO,NA
-1.667566667,0.035842038,Q9Y2Z9,COQ6,DOWN,NA
1.400933333,0.310615883,Q9Y305,ACOT9,NO,NA
2.3575,0.21923535,Q9Y320,TMX2,NO,NA
-0.193966667,0.929765026,Q9Y324,FCF1,NO,NA
2.207,0.188948756,Q9Y375,NDUFAF1,NO,NA
-1.1216,0.126046761,Q9Y383,LUC7L2,NO,NA
-1.1564,0.08085151,Q9Y388,RBMX2,NO,NA
1.6509,0.362953626,Q9Y399,MRPS2,NO,NA
-1.443633333,0.088686851,Q9Y3A3,MOB4,NO,NA
0.792633333,0.465143322,Q9Y3A4,RRP7A,NO,NA
4.303633333,0.006480653,Q9Y3A6,TMED5,UP,NA
-0.115866667,0.898462311,Q9Y3B2,EXOSC1,NO,NA
2.648433333,0.008960465,Q9Y3B3,TMED7,UP,NA
-0.180366667,0.748370335,Q9Y3B4,SF3B6,NO,NA
1.073266667,0.110609535,Q9Y3B7,MRPL11,NO,NA
-1.065566667,0.025494634,Q9Y3B9,RRP15,DOWN,NA
-1.186066667,0.129882723,Q9Y3C1,NOP16,NO,NA
-0.449866667,0.395747962,Q9Y3C6,PPIL1,NO,NA
0.3355,0.666473629,Q9Y3D3,MRPS16,NO,NA
2.175733333,0.223301196,Q9Y3D7,PAM16,NO,NA
0.881366667,0.254204927,Q9Y3D9,MRPS23,NO,NA
1.389066667,0.314659078,Q9Y3E0,GOLT1B,NO,NA
2.931,0.044795911,Q9Y3E5,PTRH2,UP,NA
1.7437,0.020632765,Q9Y3I0,RTCB,UP,NA
0.2349,0.708435803,Q9Y3L5,RAP2C,NO,NA
4.123266667,0.000290603,Q9Y3Q3,TMED3,UP,NA
0.679766667,0.101371616,Q9Y3T9,NOC2L,NO,NA
-1.4797,0.061882363,Q9Y3U8,RPL36,NO,NA
-1.385233333,0.010503558,Q9Y3Y2,CHTOP,DOWN,NA
-0.656166667,0.511861775,Q9Y483,MTF2,NO,NA
0.769366667,0.2738,Q9Y490,TLN1,NO,NA
0.097166667,0.961878695,Q9Y4C8,RBM19,NO,NA
2.5437,6.70E-06,Q9Y4L1,HYOU1,UP,NA
1.069866667,0.237622383,Q9Y4W2,LAS1L,NO,NA
1.292666667,0.310123668,Q9Y4W6,AFG3L2,NO,NA
-1.616033333,0.072366254,Q9Y4Z0,LSM4,NO,NA
3.197233333,0.066285464,Q9Y512,SAMM50,NO,NA
0.3648,0.408313168,Q9Y5A9,YTHDF2,NO,NA
0.524933333,0.027742338,Q9Y5B9,SUPT16H,NO,NA
-0.328733333,0.685217835,Q9Y5J1,UTP18,NO,NA
3.2575,0.00060797,Q9Y5J6,TIMM10B,UP,NA
2.5018,0.078928875,Q9Y5L0,TNPO3,NO,NA
0.763866667,0.493472653,Q9Y5M8,SRPRB,NO,NA
-0.611866667,0.364990953,Q9Y5Q8,GTF3C5,NO,NA
0.1031,0.914714223,Q9Y5Q9,GTF3C3,NO,NA
-0.340133333,0.421740255,Q9Y5S9,RBM8A,NO,NA
0.7388,0.318751372,Q9Y5U8,MPC1,NO,NA
0.7329,0.012264576,Q9Y614,ACTL7B,NO,NA
3.1879,0.001785751,Q9Y617,PSAT1,UP,NA
3.761666667,0.033794063,Q9Y639,NPTN,UP,NA
3.2259,0.054263422,Q9Y678,COPG1,NO,NA
6.182766667,0.000487394,Q9Y680,FKBP7,UP,NA
0.3056,0.860318103,Q9Y6A4,CFAP20,NO,NA
0.610233333,0.471779866,Q9Y6C9,MTCH2,NO,NA
-2.621666667,0.207459278,Q9Y6D0,SELENOK,NO,NA
1.039566667,0.366767662,Q9Y6G9,DYNC1LI1,NO,NA
0.943266667,0.023629952,Q9Y6M1,IGF2BP2,NO,NA
1.5906,0.346595155,Q9Y6M5,SLC30A1,NO,NA
2.680066667,0.13147381,Q9Y6M9,NDUFB9,NO,NA
6.1759,0.002847262,Q9Y6X5,ENPP4,UP,NA
-0.418,0.258843584,Q9Y6X8,ZHX2,NO,NA
